time_period,period_end_time,high,low,last,volume,spread,midpoint,liquidity_bid,liquidity_ask,volatility_mid_1min,volatility_mid_3min,volatility_last_1min,volatility_last_3min
1.0,60000000.0,10300.01,10280.94,10280.96,15.273002029999999,1.610000000000582,10284.805,0.16696013,40.40891379,,,,
2.0,120000000.0,10285.5,10271.25,10276.7,22.00300753999999,1.2300000000013824,10276.085,52.787628930000004,2.62644018,,,,
3.0,180000000.0,10276.69,10271.01,10273.69,8.006662600000002,1.9200000000000728,10272.669999999998,4.08999766,38.54789703,,,,
4.0,240000000.0,10273.49,10260.47,10262.59,45.02022620000002,2.280000000000655,10261.45,17.949546520000002,29.81114209,,,,
5.0,300000000.0,10264.15,10254.79,10259.8,20.479929499999997,0.00999999999839929,10259.795,3.225,1.8631339299999996,,,,
6.0,360000000.0,10266.080000000002,10257.35,10265.87,5.75117013,1.110000000000582,10265.105,0.48214404000000005,6.89969224,,,,
7.0,420000000.0,10265.66,10252.99,10253.43,1.97475241,0.6499999999996362,10253.825,2.0261827500000003,2.08703841,,,,
8.0,480000000.0,10255.16,10248.74,10254.89,24.82446353,3.3400000000001455,10252.9,16.5245049,41.3075306,,,,
9.0,540000000.0,10252.96,10241.06,10243.99,16.548988089999998,3.7000000000007276,10242.07,30.54453951,15.05965213,,,,
10.0,600000000.0,10285.0,10240.17,10285.0,91.10931817000001,0.010000000000218279,10284.994999999999,4.76463804,9.197246680000001,,,,
11.0,660000000.0,10285.0,10281.28,10285.0,8.13804495,0.010000000000218279,10284.994999999999,7.1019934,5.24622642,,,,
12.0,720000000.0,10313.32,10284.99,10296.63,40.297046210000005,0.00999999999839929,10296.625,5.53947372,1.2706996,0.001490378851641271,,0.0014309979659849262,
13.0,780000000.0,10318.0,10296.62,10314.330000000002,19.157059229999998,0.010000000002037268,10314.325,8.559614970000002,1.031,0.0014956233863605444,,0.0014567495406383,
14.0,840000000.0,10331.07,10314.32,10323.78,5.55281917,0.010000000000218279,10323.775000000001,0.13843847,1.66803603,0.0015481847266159649,0.0025705710004050564,0.0015133302916529546,0.0024637621572515312
15.0,900000000.0,10329.0,10314.32,10317.44,15.714336460000002,0.010000000000218279,10314.654999999999,0.052,6.18082236,0.0014690549674740273,0.002532236190089424,0.0014350518737927013,0.0024824017883811724
16.0,960000000.0,10325.0,10314.66,10318.86,3.76097465,0.010000000000218279,10318.855,1.365e-05,11.36426072,0.0015218347033341957,0.0023550588245346746,0.0014592121945983928,0.002301290391809287
17.0,1020000000.0,10318.85,10305.06,10310.0,22.07656886,1.5300000000006548,10310.765,9.88388568,15.99261443,0.0015223182984501818,0.0022657664440117902,0.0014646195556917837,0.0022067997859159098
18.0,1080000000.0,10328.38,10310.84,10324.32,9.468983620000001,0.010000000000218279,10324.314999999999,7.30090036,0.8638903799999998,0.0014913775005592394,0.0023252573679410147,0.0014262871054648333,0.0022615277735279172
19.0,1140000000.0,10328.42,10324.31,10328.41,3.19058785,3.969999999999345,10326.425,24.566152069999998,11.47777335,0.001490126849954584,0.002214603761046602,0.001439507866509629,0.002179391021931459
20.0,1200000000.0,10326.89,10315.0,10322.59,8.24144156,2.1700000000000728,10320.945,5.176968329999999,7.207167190000001,0.0013863037979728343,0.0018192070756068584,0.0013252694299859121,0.0017948990539957254
21.0,1260000000.0,10321.98,10315.54,10316.71,4.843474059999999,0.5399999999990541,10316.439999999999,0.54791982,0.8015893499999999,0.0008639317922156194,0.0018142036643406714,0.0008529913484783623,0.0017747505333632083
22.0,1320000000.0,10321.02,10315.54,10321.02,3.6462761300000004,0.21999999999934516,10320.900000000001,7.07393204,1.7618318800000001,0.0008910802920055107,0.0019161101192903237,0.0008935365273210135,0.0018910664767062663
23.0,1380000000.0,10323.56,10320.79,10323.55,2.49734587,0.00999999999839929,10323.545,0.0417,9.44601808,0.000850103667830948,0.001500410632536432,0.0008525689590998316,0.001547884842213531
24.0,1440000000.0,10327.37,10323.25,10326.77,2.48554281,1.6899999999986903,10324.545,2.60785496,13.255957890000001,0.0006937947151295071,0.0013565186696958748,0.0006967910072453883,0.0014177570807978146
25.0,1500000000.0,10325.27,10321.0,10321.01,2.1222518099999994,0.010000000000218279,10321.005000000001,0.48141117,4.7827904,0.0006374287774927263,0.000876296453105305,0.0006469009246460862,0.000979944466637377
26.0,1560000000.0,10327.35,10321.01,10327.21,1.7462876399999998,0.010000000000218279,10327.215,2.76656103,2.40972547,0.0005798987030333755,0.000739476918309621,0.0006414964251992037,0.0008091259058040529
27.0,1620000000.0,10327.35,10327.22,10327.34,2.267421479999999,0.010000000000218279,10327.345000000001,8.84829755,0.57807551,0.0005942440089224721,0.0007367226298526352,0.0006635824888374369,0.000806528251332101
28.0,1680000000.0,10333.4,10327.35,10333.4,4.932118769999997,0.010000000000218279,10333.395,1.84708064,0.7666367800000001,0.0005219190792464581,0.0005672999583115278,0.0005872916429330864,0.0006426977707723906
29.0,1740000000.0,10333.4,10321.15,10323.06,4.75085732,0.010000000000218279,10323.064999999999,1.70568948,2.24163057,0.0003900493922584745,0.0006012645873586624,0.00045495350764342666,0.0006925109739389548
30.0,1800000000.0,10323.080000000002,10323.0,10323.01,3.212922369999997,0.010000000000218279,10323.005000000001,10.567734289999999,3.68469784,0.000504566500153205,0.0006211698451132299,0.0005445132582704693,0.0006942245127656232
31.0,1860000000.0,10336.74,10323.0,10336.01,4.500649949999999,1.5400000000008731,10335.24,7.72964754,7.88325841,0.000476525745661078,0.0005891512486066904,0.0005171033027720098,0.0006249473467941295
32.0,1920000000.0,10336.72,10332.32,10334.55,2.1869815699999995,0.7899999999990541,10335.165,11.50234255,0.80385133,0.0005618620549795342,0.000518683038223061,0.0005987906970639759,0.0005699337664923464
33.0,1980000000.0,10337.69,10334.78,10337.65,1.42436658,0.010000000000218279,10337.654999999999,4.82617768,0.85733651,0.0005577578191166525,0.0005391970843509538,0.0006007376457878254,0.0005595774388354795
34.0,2040000000.0,10349.99,10337.65,10339.74,3.9669189399999976,0.010000000000218279,10339.735,0.01,4.04501556,0.0005574520014537315,0.0006266662546657129,0.0006020015255941563,0.000640653108980437
35.0,2100000000.0,10349.24,10338.7,10349.21,6.232723200000001,2.1999999999989086,10348.11,31.79243141,8.917776759999999,0.0005575843140630875,0.0006170364491457109,0.0005997031182406421,0.0006168149511830095
36.0,2160000000.0,10355.38,10348.94,10350.12,11.935734160000003,0.00999999999839929,10350.125,1.21512167,17.65273954,0.0005634929677551204,0.0006459999704547802,0.0005946857813709537,0.0006707341056855366
37.0,2220000000.0,10350.11,10345.05,10347.7,4.05185295,1.930000000000291,10346.735,25.85713531,7.5503159900000005,0.0005521053194138119,0.0006708236876282904,0.0005862714505170383,0.0006959841785099565
38.0,2280000000.0,10347.72,10341.330000000002,10341.330000000002,23.855409749999996,1.070000000001528,10340.795000000002,29.58151117,6.71458116,0.0005739871186094912,0.0006599986697006397,0.0005995732614799189,0.0006705029048128147
39.0,2340000000.0,10341.89,10340.25,10341.84,2.8856996600000007,0.00999999999839929,10341.835000000001,0.8538811899999998,0.79339065,0.0005985013883266185,0.000749255547266584,0.0006292095088193729,0.0007722820995597013
40.0,2400000000.0,10347.26,10341.84,10343.15,5.65349139,0.010000000000218279,10343.154999999999,0.00190305,10.20343236,0.00048102302999825715,0.0008038670197034811,0.0005185026120322489,0.0008259265189951183
41.0,2460000000.0,10343.16,10340.51,10340.52,3.562036589999999,0.010000000000218279,10340.515,8.60993237,0.46746414,0.0004774712426045703,0.0007961825976057884,0.000515256733627256,0.0008281117360436395
42.0,2520000000.0,10340.54,10340.51,10340.54,1.46854751,0.010000000000218279,10340.535,0.77864027,6.5258667699999995,0.000359844493136029,0.0008054941470232594,0.00038665789049075177,0.0008419872136928904
43.0,2580000000.0,10340.55,10340.53,10340.54,2.6497729100000003,0.00999999999839929,10340.545,3.49869414,5.13995515,0.0003597060003522749,0.0007792883258827761,0.0003821687403454017,0.0008219048166505435
44.0,2640000000.0,10340.55,10326.830000000002,10330.36,36.51833449999998,0.010000000000218279,10330.355,6.91153129,0.54858329,0.00035426587329455916,0.0006957347210920778,0.0003736790015987571,0.0007429966182926555
45.0,2700000000.0,10331.39,10330.35,10331.39,0.9269955400000002,0.010000000000218279,10331.384999999998,0.00026333,18.97760441,0.0004594920017211801,0.0007607661219814318,0.0004743804543405899,0.0008077058006157524
46.0,2760000000.0,10334.830000000002,10325.0,10331.21,11.236111659999997,0.00999999999839929,10331.205,1.16598566,14.53399344,0.00035860533974314325,0.0006708052465930609,0.0003474033765424565,0.0006887048054549016
47.0,2820000000.0,10331.21,10329.830000000002,10331.17,2.3538796699999995,0.010000000000218279,10331.175,6.04281603,5.28188546,0.00034282163741864184,0.0004969080691586961,0.0003408895981252694,0.0005164356267803402
48.0,2880000000.0,10345.86,10331.17,10344.5,18.86163132,0.010000000000218279,10344.494999999999,7.02846833,0.35902693,0.0003429581583335983,0.00038225489446040933,0.00034440973765481836,0.00037634365517126106
49.0,2940000000.0,10344.5,10337.55,10340.32,0.8005031100000003,0.010000000000218279,10340.314999999999,8.14662155,1.22700913,0.0005217575282351471,0.0006432346195112981,0.0005213354587979221,0.0006422895070061213
50.0,3000000000.0,10349.14,10340.31,10348.39,4.211302120000001,0.010000000000218279,10348.384999999998,0.22732989,0.09387634,0.0005372385316322607,0.0007064990693805537,0.0005372256301968803,0.000709153614406688
51.0,3060000000.0,10349.11,10345.25,10349.11,1.6295006199999995,2.25,10347.985,19.665856390000002,15.293993139999998,0.0005878295185173418,0.0008810027107301121,0.0005878302454522017,0.0008817809119698234
52.0,3120000000.0,10349.11,10340.56,10340.56,6.49947733,0.010000000000218279,10340.555,0.06968644,9.762519230000002,0.0005800962911964464,0.0008836838097539338,0.0005789838838472156,0.0008871406638873961
53.0,3180000000.0,10340.56,10330.0,10330.0,5.88303693,0.010000000000218279,10330.005000000001,4.83130535,6.73674937,0.0006271404828453304,0.0008808624971371649,0.0006406239499430196,0.0008841464174452117
54.0,3240000000.0,10330.01,10320.96,10320.99,5.157855179999999,3.8099999999994907,10322.895,22.530184680000005,35.830206770000004,0.0006978880865258595,0.0010485162699599448,0.0007101695679624057,0.0010530200032899829
55.0,3300000000.0,10324.8,10315.0,10315.01,5.0279101200000005,0.010000000000218279,10315.005000000001,0.33484512,9.900849049999998,0.0006651880579065522,0.0012496246983072531,0.0006968901130057549,0.0013092735418670915
56.0,3360000000.0,10315.01,10310.0,10311.51,3.068487,0.010000000000218279,10311.505000000001,3.40075465,0.56414524,0.000692812614814622,0.0014190393280954703,0.0007080458436864142,0.0014698514556265333
57.0,3420000000.0,10311.51,10310.0,10310.01,2.3046261799999996,0.010000000000218279,10310.005000000001,0.21056588,24.5748274,0.0006929916217639855,0.0014785230912575675,0.0007082214854811999,0.0015262301780064273
58.0,3480000000.0,10310.01,10300.0,10300.01,5.608037789999998,0.010000000000218279,10300.005000000001,13.76273864,4.56156947,0.0006904452230896738,0.0014872686879335696,0.0007057578839044341,0.0015259747490422259
59.0,3540000000.0,10302.0,10300.0,10302.0,3.0223103300000007,0.010000000000218279,10301.994999999999,21.31934185,0.73815035,0.0005108353298235786,0.0013736299236468319,0.0005310815250889705,0.0014154768765914615
60.0,3600000000.0,10302.0,10292.84,10297.080000000002,24.342679020000002,3.5900000000001455,10295.295,22.322996840000005,16.2577524,0.0005442889855003183,0.0012504741753007614,0.0005633329895080326,0.001296324647703917
61.0,3660000000.0,10299.54,10293.7,10299.54,3.5979945200000003,0.010000000000218279,10299.485,6.5,0.49,0.0003885668667691178,0.0008785238351980959,0.0004123834669531381,0.0009417691661084557
62.0,3720000000.0,10311.0,10299.48,10307.89,3.3987375300000005,1.0999999999985448,10307.380000000001,12.638101529999998,3.0,0.00045960427954330985,0.0008106384073080111,0.0004379757811474543,0.0008586745418733982
63.0,3780000000.0,10325.88,10306.96,10325.88,19.40644372,0.00999999999839929,10325.875,8.9697745,2.0461086300000004,0.000579503172493914,0.000903986369068693,0.0005653446461579419,0.0009564204132606075
64.0,3840000000.0,10326.74,10322.0,10323.11,2.99539404,0.010000000000218279,10323.105,4.07110257,2.0254913299999995,0.0008094719554344112,0.001548153505947739,0.0007863557317794948,0.001534346308407228
65.0,3900000000.0,10323.11,10323.1,10323.11,1.6195350899999998,0.010000000000218279,10323.105,46.11896743,1.07678635,0.0007852609469305604,0.0017014755488758441,0.0007420302302127873,0.0016507401417017403
66.0,3960000000.0,10331.3,10323.11,10329.73,3.5318490200000006,0.8999999999978172,10329.28,3.59042793,4.2618858699999995,0.0007429779541070823,0.001625887664558549,0.0007150309299822868,0.00156224571431919
67.0,4020000000.0,10329.21,10314.36,10318.95,6.84686525,0.010000000000218279,10322.645,13.18209156,0.72161999,0.000743454997329281,0.0015069589642251469,0.0007182055882873204,0.0014357021619558598
68.0,4080000000.0,10340.31,10322.64,10340.31,5.34667358,0.010000000000218279,10340.305,9.89226822,0.05211738,0.0007788107332449199,0.0014281289882980444,0.0008039308599608923,0.0013868559615496788
69.0,4140000000.0,10344.4,10337.1,10339.23,0.8890520000000002,2.4799999999995634,10337.99,14.810501699999998,59.24963956,0.0008169656410716424,0.0013321839718163878,0.0009140041234966814,0.00129547638873487
70.0,4200000000.0,10348.87,10339.330000000002,10348.87,2.99812018,0.820000000001528,10347.630000000001,9.24567944,17.08192829,0.0008364096864160944,0.0012195204010339933,0.0009247439689002013,0.001184333264114718
71.0,4260000000.0,10348.02,10339.25,10342.42,3.5280716300000017,6.25,10338.675,37.88998884,92.00077259000001,0.0007801521190163191,0.0010283608401544305,0.0008930471254998922,0.0011030006800630454
72.0,4320000000.0,10345.0,10334.39,10344.99,2.5555958900000006,0.010000000000218279,10344.994999999999,8.21818274,1.43763446,0.0008831322837726651,0.0010422947203690255,0.0009538534668295759,0.0010757811714849667
73.0,4380000000.0,10369.8,10344.99,10358.13,13.091747569999995,3.25,10356.405,15.379196780000001,12.463441760000002,0.0008775519716826545,0.0010326728690904742,0.0009454639112039218,0.0010767520719536991
74.0,4440000000.0,10372.0,10354.78,10372.0,7.714293530000001,0.9799999999995634,10371.51,1.9497859400000002,0.67494075,0.0007844950068362573,0.0008617531871720874,0.0008846305632212326,0.000952431594239416
75.0,4500000000.0,10372.0,10363.6,10367.09,1.5098391099999997,1.4899999999997817,10366.345000000001,16.11697397,6.76589182,0.000830099960625368,0.0010168271534065432,0.0009101982006188559,0.001036250754636595
76.0,4560000000.0,10369.87,10362.17,10364.49,5.5632867599999996,0.010000000000218279,10364.494999999999,0.12151828,16.48251171,0.0008706460502372337,0.001050121566276609,0.0009452051472732386,0.0010755314319365243
77.0,4620000000.0,10372.87,10361.68,10372.87,4.654876400000004,1.640000000001237,10372.05,17.9133844,9.89681273,0.0008856604884372612,0.0010218258716492977,0.0009625828373947334,0.0010590506114018378
78.0,4680000000.0,10379.82,10372.87,10379.79,2.6234261099999996,0.4500000000007276,10379.565,6.409010930000001,4.0169113,0.0008270419764177558,0.0010101422116366627,0.0008509370701891716,0.000991685804364094
79.0,4740000000.0,10379.82,10370.02,10372.18,5.776334650000001,0.7900000000008731,10371.775,15.07455582,6.95977259,0.0007268798668966166,0.001000296711815832,0.0006832306547554491,0.0009834624054659688
80.0,4800000000.0,10372.18,10365.67,10368.06,6.264441709999999,0.010000000000218279,10365.665,0.19098299,3.6374328,0.0007853951588773359,0.0010061665063815697,0.0007506452949101557,0.0009906596792493955
81.0,4860000000.0,10377.44,10365.3,10377.43,12.779347519999998,1.3800000000010186,10376.75,3.55076287,9.68508953,0.0008005276505132732,0.0010445686813607487,0.0007478873172088182,0.0009331806576319566
82.0,4920000000.0,10388.87,10373.330000000002,10375.01,8.2884707,0.6399999999994179,10375.32,0.48144692,3.54009804,0.0007585253502541193,0.0010563429293498424,0.0007226195565206734,0.0009728113582541598
83.0,4980000000.0,10375.01,10365.4,10369.3,1.3908822199999997,0.7000000000007276,10369.66,40.59535394,3.45528032,0.0007677287183819891,0.0010671739965426555,0.0007427711238521051,0.0009848058634972913
84.0,5040000000.0,10379.46,10369.37,10375.0,4.435309770000001,0.010000000000218279,10374.994999999999,5.80312004,0.43837447000000007,0.000752966469371753,0.0010756163156560882,0.0007022407134662822,0.0010056669952809626
85.0,5100000000.0,10379.47,10371.07,10374.88,3.0750172800000004,3.1899999999986903,10373.285,9.625213630000001,32.58397179,0.0006292797066785946,0.0007531125398393462,0.0005957173571606313,0.00074748993140305
86.0,5160000000.0,10377.01,10371.65,10372.27,9.553410389999998,0.7800000000006548,10373.86,4.796815410000001,3.38147143,0.000608725874729739,0.0005472637959177951,0.000572417975532106,0.0004895356134271853
87.0,5220000000.0,10374.96,10373.74,10374.96,1.70329627,0.00999999999839929,10374.955,5.82570725,0.38498840999999995,0.0006033101090765877,0.00052025348673457,0.0005724622001764839,0.00047218818545534245
88.0,5280000000.0,10375.0,10367.44,10371.03,5.89014552,0.010000000000218279,10371.025000000001,0.01,11.86144252,0.000565119978562907,0.0005220142717011269,0.0005237469659102161,0.0004746861908801726
89.0,5340000000.0,10371.03,10366.99,10370.43,1.39995742,2.5500000000010914,10369.154999999999,17.19495642,28.59960487,0.0005246468365904536,0.000384294022501147,0.000487296203747535,0.00034344555699569864
90.0,5400000000.0,10370.76,10360.0,10361.55,15.40308317,1.3299999999999272,10360.884999999998,26.452233399999997,4.68239846,0.00047780526376659075,0.0003374845869630134,0.0004368832306542559,0.00024410574101125867
91.0,5460000000.0,10361.56,10360.0,10361.55,7.138968069999998,0.010000000000218279,10361.555,1.9528544699999995,6.60407005,0.0005056885266937727,0.000492598940706437,0.000494734998624861,0.00042992160478483863
92.0,5520000000.0,10361.56,10360.02,10361.56,0.32048945,0.00999999999839929,10361.545,5.97827547,0.50398536,0.00034991550967073255,0.0005429931832549942,0.00037893430748845916,0.00048577466828248373
93.0,5580000000.0,10363.95,10360.06,10360.77,1.6402026999999997,0.010000000000218279,10360.765,0.371,4.38414039,0.0003526517076679728,0.0005278272862313464,0.00038049040814816054,0.00048627347464334173
94.0,5640000000.0,10360.77,10349.47,10349.6,23.28955063,0.010000000000218279,10349.605,7.287346109999999,3.16799278,0.0003247261467675653,0.0004861634401879078,0.00035370856717052625,0.0004709062333855052
95.0,5700000000.0,10349.61,10345.82,10349.6,4.7592988599999995,0.46999999999934516,10349.335,2.4193108100000003,1.54175961,0.00037731837016456986,0.0005338249358373781,0.00039731035489407447,0.0005231996943079962
96.0,5760000000.0,10349.61,10349.1,10349.61,1.0435759199999999,0.010000000000218279,10349.605,42.1922019,2.09e-06,0.00038252303330834963,0.0005650585292003424,0.00039800448944174644,0.0005381343970536703
97.0,5820000000.0,10355.0,10350.97,10350.98,0.8097665199999999,0.010000000000218279,10350.974999999999,0.017121339999999995,5.78116764,0.0003804210426571933,0.00048004534350673425,0.0004046696982846501,0.00047231021252809157
98.0,5880000000.0,10350.98,10346.63,10346.84,0.6714061699999999,0.9500000000007276,10346.225,2.56250539,2.80523798,0.0003828917184374207,0.000501348119936297,0.0003912432798847496,0.0004940405459632521
99.0,5940000000.0,10351.51,10345.03,10351.43,5.992995050000002,0.5100000000002183,10351.175,28.217294409999997,5.707956770000001,0.00038671212491270707,0.0004940223105721122,0.0003920918258699322,0.0005017910375157762
100.0,6000000000.0,10374.9,10350.92,10374.87,33.038549859999996,2.4200000000000728,10373.39,4.74573811,69.45428162,0.0004431417849043575,0.0005544434594163186,0.00044042686357223846,0.0005465933868338866
101.0,6060000000.0,10374.6,10367.19,10371.6,0.9098106199999999,0.010000000000218279,10371.025000000001,0.01,50.46241094,0.0007802620483786944,0.0009602088770830475,0.000806480860771771,0.0010006654028653253
102.0,6120000000.0,10371.03,10365.45,10367.96,0.6020616000000002,1.0899999999983265,10367.415,13.19632508,0.21221136999999998,0.0007872803423741346,0.0012234470466422815,0.0008169892508477286,0.0012535818897781922
103.0,6180000000.0,10372.0,10366.91,10371.88,3.14927128,0.8599999999987631,10371.45,0.0114205,13.3425767,0.0007981764116022959,0.0012720200243491774,0.0008278872799252578,0.0012931280548146278
104.0,6240000000.0,10371.91,10365.35,10369.3,1.8990535600000007,3.7599999999983993,10367.42,25.444432170000002,40.60186963,0.0008026320730089505,0.0012769752057218548,0.0008315075793451731,0.0013006658498577086
105.0,6300000000.0,10369.3,10355.080000000002,10355.080000000002,11.83004772,6.200000000000728,10354.17,25.45564528,82.19111112,0.0007240938837124258,0.0012094020824508056,0.0007460883223542474,0.0012268918033787523
106.0,6360000000.0,10357.28,10347.45,10347.45,1.96989937,7.300000000001091,10351.119999999999,42.3023826,60.955073559999995,0.0008456013971741693,0.0012220898531057564,0.0008821231021227846,0.0012379890833836068
107.0,6420000000.0,10352.74,10349.99,10351.93,2.9991828099999993,0.010000000000218279,10351.925,6.57862111,0.39044740999999994,0.0008518455325868927,0.0013456912303947207,0.0009137061969282805,0.0014299680254262614
108.0,6480000000.0,10351.93,10344.28,10350.02,15.765512889999998,0.010000000000218279,10350.015,0.0239,5.19715097,0.0008512504748294443,0.0014430065496774918,0.000923134949898474,0.0015400293169419719
109.0,6540000000.0,10350.02,10350.0,10350.0,2.9445095599999997,0.010000000000218279,10350.005000000001,0.00028392,18.788372149999997,0.0008400576689720967,0.0014459190387850433,0.0009158097010854926,0.001545913062509635
110.0,6600000000.0,10350.01,10340.47,10342.91,1.5151150699999998,1.3299999999981083,10342.245,3.43172593,1.921381,0.0008270756741800457,0.0014463948719415022,0.0009054385714040767,0.0015467684217086804
111.0,6660000000.0,10344.21,10340.34,10342.080000000002,0.6659832000000001,2.070000000001528,10341.045000000002,11.710232879999998,10.02440058,0.0004352796716456602,0.0012792442508420007,0.0005090031104491122,0.001360882539190553
112.0,6720000000.0,10342.21,10340.07,10342.21,2.430602180000001,0.4900000000016007,10341.955,7.28400965,0.56600326,0.00043843053436971077,0.0009226650053673454,0.0005135470781306277,0.001026959343016882
113.0,6780000000.0,10348.12,10341.71,10346.37,0.62010091,1.570000000001528,10345.585,2.03887545,18.91785668,0.0004519007913830955,0.0005732136848247901,0.0005204021442584431,0.000718341404715335
114.0,6840000000.0,10348.12,10346.28,10348.12,2.23892532,0.010000000000218279,10348.115000000002,13.98200696,10.572271709999999,0.00044664788534501675,0.0006466261153978671,0.0005233516609909339,0.0007872995439295658
115.0,6900000000.0,10348.12,10348.11,10348.12,0.5358943099999999,0.010000000000218279,10348.115000000002,7.84471302,7.4445535,0.00046687143318743937,0.0007771544905503337,0.000537951267702082,0.0008764324937640879
116.0,6960000000.0,10348.12,10340.0,10343.57,7.212833279999999,2.8699999999989814,10342.135,2.78762792,21.466836219999998,0.00029309437895706244,0.0008345238857671891,0.0003722328848171929,0.0009311490229028347
117.0,7020000000.0,10347.36,10337.71,10347.36,2.3511931599999993,3.6200000000026193,10345.27,20.13260815,13.14081162,0.00032635485672359907,0.0006764674696854545,0.00032665900776051866,0.0007013087617022987
118.0,7080000000.0,10347.02,10335.42,10335.56,2.8841920700000006,4.630000000001019,10337.875,24.51046886,53.28358046,0.0003442310239232276,0.0005547608715626292,0.00031755935464202926,0.0005339168317544035
119.0,7140000000.0,10340.13,10335.56,10338.32,1.1659216800000003,2.2699999999986176,10337.165,5.85530895,23.7229833,0.0003956777736094054,0.0006012260030967593,0.0004581693885250312,0.0006178020002441477
120.0,7200000000.0,10347.99,10337.32,10347.99,4.6378658800000006,0.3400000000001455,10347.82,13.3917517,1.12648503,0.0003942060183133631,0.0006016724206585865,0.0004731184115183237,0.0006019286262800901
121.0,7260000000.0,10360.76,10347.88,10360.76,6.926873519999999,0.010000000000218279,10361.345000000001,11.399560030000002,0.5,0.0004667983927411349,0.0005821491410898604,0.0005241203883335402,0.0005773950166242184
122.0,7320000000.0,10365.91,10353.71,10358.43,3.658171620000002,2.7299999999995634,10357.065,43.695458540000004,4.72953486,0.0005931010284997738,0.00089352705499934,0.000629388445410626,0.0009469310614067165
123.0,7380000000.0,10364.98,10351.8,10364.61,0.9489596799999999,0.010000000000218279,10364.945,4.7718374,0.012502760000000003,0.0006206606119096195,0.000983452514414753,0.0006396780220357047,0.0010404022113042997
124.0,7440000000.0,10369.06,10361.25,10363.46,2.1036278999999998,2.209999999999127,10362.355,0.18694543,6.524084760000001,0.0006458506882109465,0.0010522575258812635,0.0006497115706276081,0.0011021086720260495
125.0,7500000000.0,10363.46,10355.43,10361.54,1.34172729,4.080000000001746,10359.5,9.759174190000001,63.429474469999995,0.0006583707152256656,0.0010583606361632772,0.0006554316305647726,0.0011043239442621647
126.0,7560000000.0,10361.54,10350.92,10357.77,0.9771366299999997,2.1599999999998545,10356.69,9.34389857,1.0347478900000002,0.0006692337641358773,0.0010596456499495583,0.0006619492436352604,0.001105116937493632
127.0,7620000000.0,10355.27,10350.29,10353.75,0.67631405,0.5499999999992724,10353.475,2.14176065,3.55928502,0.0006435360984908257,0.0011014995989618121,0.0006557859047715524,0.0011363937000419037
128.0,7680000000.0,10363.95,10353.71,10363.95,2.3081653500000003,4.930000000000291,10361.485,20.62366805,33.62321346,0.0006542982772301176,0.0011493685887193914,0.0006683831599100495,0.0012012347218672585
129.0,7740000000.0,10368.45,10359.65,10366.71,2.91647738,0.00999999999839929,10366.705,0.1,4.15219612,0.0006253335741484095,0.001065246721908937,0.0005849962129288286,0.0010885225691372059
130.0,7800000000.0,10366.71,10357.8,10358.75,3.0387021400000007,2.649999999999636,10360.265,51.00424273000001,12.71821139,0.0006217149704343164,0.0010267942178688164,0.0005849971888685307,0.0010415884934136344
131.0,7860000000.0,10369.99,10361.59,10369.99,5.34769808,1.2800000000006548,10369.349999999999,42.39524950999999,6.96091178,0.0006212443320502048,0.0010202845691023512,0.0006149535501332894,0.0010268900091896251
132.0,7920000000.0,10372.04,10368.71,10372.04,8.29567627,0.570000000001528,10372.665,14.94677866,5.63325621,0.0005481909140529724,0.0008672259448364294,0.000588640206021807,0.0008378302167596716
133.0,7980000000.0,10372.95,10372.59,10372.94,1.6532327400000002,0.010000000000218279,10372.945,7.37928563,1.68803962,0.0005262704615159333,0.0007258144364244024,0.0005796735902172824,0.0006807268896302957
134.0,8040000000.0,10388.4,10372.94,10387.87,28.31157603000001,2.780000000000655,10386.45,9.912580830000001,68.64322322,0.0004856679182691686,0.0006564170581040224,0.0005585579079699119,0.0006386381879857099
135.0,8100000000.0,10387.98,10385.0,10385.01,2.0597588599999996,0.010000000000218279,10385.005000000001,2.9924325300000003,0.6948,0.0005925119322878754,0.0007636180355279912,0.0006847836597635824,0.0007673616868901566
136.0,8160000000.0,10394.0,10385.01,10393.97,10.734777129999994,1.6199999999989814,10393.18,15.77539672,14.74746732,0.0005821407601867858,0.0007887484726589842,0.0006908237042466485,0.0008013497730555042
137.0,8220000000.0,10395.7,10393.54,10395.69,0.70967003,0.4600000000009459,10395.470000000001,0.4643215,0.56467304,0.0005746293268007451,0.0007472648956766499,0.0006839746695444482,0.0008037064775060146
138.0,8280000000.0,10397.78,10395.05,10397.78,1.2917608399999998,0.17000000000007276,10397.695,6.53999928,2.24797145,0.0005340792180877056,0.0004939992138669611,0.000643250148707725,0.0005587310843170277
139.0,8340000000.0,10400.0,10397.77,10399.99,10.74505955,0.010000000000218279,10399.994999999999,4.61023876,10.59927132,0.0005216962539811174,0.00041517784903552583,0.0006148600528124753,0.0005025972270933474
140.0,8400000000.0,10400.0,10385.01,10386.98,11.02681008,0.00999999999839929,10387.205,7.449,0.4,0.000520200723782761,0.00043560405292166344,0.0006155942344298781,0.0005216904805447393
141.0,8460000000.0,10399.98,10387.9,10399.98,6.279798929999999,1.0999999999985448,10399.41,13.61251324,14.718251890000001,0.0006469954146944681,0.0007076871125524195,0.0007107371910169134,0.0007611239805332642
142.0,8520000000.0,10399.99,10397.26,10399.99,2.0661186900000006,2.039999999999054,10398.96,12.35856633,18.999850570000003,0.0006807229465800916,0.0007435606007123905,0.0007312330564369016,0.0007852971068094486
143.0,8580000000.0,10416.44,10398.05,10409.88,29.886518290000016,4.6599999999998545,10407.51,23.39919459,45.85402774999999,0.0006877985000436023,0.0007960410919546973,0.0007360578558882591,0.0008236041213358545
144.0,8640000000.0,10409.16,10395.12,10397.94,6.9437386100000005,0.6099999999987631,10397.635000000002,6.22572473,1.4494977300000003,0.0007028245458461693,0.0008621432621340183,0.0007598862015615342,0.0009116267237090482
145.0,8700000000.0,10405.0,10395.11,10404.99,3.74344901,0.010000000000218279,10404.994999999999,2.21350996,0.80748649,0.0007167382524679952,0.0008717748892902036,0.0007867603304568321,0.0009229670816838371
146.0,8760000000.0,10409.03,10399.09,10408.77,4.152597290000001,6.679999999998472,10405.420000000002,36.29806893,66.76017014,0.0007324162201133958,0.0008561626148116172,0.0007935740199943893,0.0009076681216372231
147.0,8820000000.0,10409.14,10399.41,10399.41,1.31780406,0.00999999999839929,10396.705,0.38,2.4,0.000705557012323816,0.0007633309589818185,0.0007650215187233677,0.0008023736685933176
148.0,8880000000.0,10396.71,10382.1,10390.35,9.147684560000005,2.0199999999986176,10389.34,4.18723489,12.48434525,0.000759519251250304,0.0007608952698266721,0.000826081653515001,0.000798871816377803
149.0,8940000000.0,10390.37,10377.46,10384.17,2.02251289,3.9500000000007276,10382.195,25.18783645,81.73570321000003,0.0007849885873651845,0.0008702802069706195,0.0008663239419102615,0.0009005013613362416
150.0,9000000000.0,10382.43,10377.01,10379.84,1.7665918900000002,2.639999999999418,10378.52,17.8843603,8.6341787,0.0007973659493122782,0.0010760197980787382,0.0008737147248147989,0.001145556609142747
151.0,9060000000.0,10380.22,10379.84,10380.21,8.69756273,0.010000000000218279,10380.215,13.26962263,1.12484233,0.0007206637945225556,0.001160087068474398,0.0008016512498552375,0.001243476218217419
152.0,9120000000.0,10382.43,10380.21,10382.4,2.32712652,0.010000000000218279,10382.395,0.86865673,5.24593867,0.0005973721682190214,0.0011573783508287414,0.0006743157266577744,0.0012464449921603027
153.0,9180000000.0,10382.4,10372.1,10376.06,4.432489339999998,0.010000000000218279,10376.064999999999,8.930731579999998,0.10133933,0.0006080989238401292,0.0011614033478041116,0.000683149842163641,0.0012418731458386436
154.0,9240000000.0,10382.43,10376.06,10380.01,1.4265811600000005,0.010000000000218279,10380.005000000001,0.21109521,3.84857008,0.0005227371271790292,0.000858568993798956,0.0005799756291770856,0.0008853495580429712
155.0,9300000000.0,10380.01,10376.14,10379.41,4.231304009999999,0.010000000000218279,10379.395,0.0416618,6.28852265,0.0005102430299779655,0.0008680357418447979,0.0005434382160621551,0.0008966217742493994
156.0,9360000000.0,10379.4,10371.04,10374.29,3.38137948,3.25,10372.665,17.765778510000004,32.7636434,0.00042274511827345253,0.0007815806767075833,0.0004678666290059542,0.0008250464861217474
157.0,9420000000.0,10374.3,10370.15,10373.36,1.1424458,1.109999999998763,10371.575,8.32,5.53000843,0.0004264940326708283,0.0007740755234406149,0.00042491502692952094,0.0008203189600980475
158.0,9480000000.0,10375.0,10370.0,10375.0,2.4406292400000003,1.8099999999994907,10374.095000000001,12.370680160000001,7.31667087,0.00039198782399599654,0.0007439784453636864,0.00038424099445666106,0.0007671768384017181
159.0,9540000000.0,10375.0,10371.0,10371.01,1.9048042700000003,0.010000000000218279,10371.005000000001,0.08944098,20.821944860000002,0.0003825585516266332,0.0007091959574144361,0.0003394944045511754,0.0007494422756042735
160.0,9600000000.0,10371.01,10362.66,10367.57,13.54209605,4.010000000000218,10365.564999999999,30.113856430000006,52.16848085,0.00034329281963136905,0.0005059490447977582,0.0003169235586790853,0.0005196592242359306
161.0,9660000000.0,10369.1,10357.2,10368.16,6.923524319999999,3.3700000000008004,10366.494999999999,17.045031959999996,20.17599724,0.0003589805599297609,0.00029338285837485683,0.00031007203228526235,0.00026188550684504185
162.0,9720000000.0,10371.01,10356.51,10360.0,7.700999649999998,0.6700000000000728,10359.615000000002,7.56090716,2.84816383,0.0003537133133635989,0.00027101170127404267,0.00031119074358486895,0.00020169955305013052
163.0,9780000000.0,10369.14,10359.34,10368.15,2.6818390099999996,3.359999999998763,10366.470000000001,14.751234569999998,16.301921699999998,0.0003660833322694776,0.00031619840036736183,0.0003481319543677421,0.0002795846356182308
164.0,9840000000.0,10375.0,10363.55,10363.55,2.1828554299999987,0.4099999999998545,10366.845,1.67961856,4.83315619,0.000424612116752187,0.0003535147471389515,0.0004319770710834092,0.00031825616847733126
165.0,9900000000.0,10375.0,10367.05,10374.99,2.1289434099999993,0.010000000000218279,10374.985,3.1931928,1.16016853,0.00039809193086978625,0.00036029721480890936,0.0004152627014257397,0.00029065101027053936
166.0,9960000000.0,10374.99,10367.04,10371.29,7.958951249999998,2.4200000000000728,10372.439999999999,6.93396223,69.89764562,0.00048379854231580594,0.0006824597851730658,0.0005633074667041451,0.0006417628980399093
167.0,10020000000.0,10373.6,10365.0,10370.99,2.2539404000000003,2.5,10369.32,8.383123439999999,21.89643308,0.00044702098838245315,0.0007261484299326586,0.0005537812391663857,0.0006649345229203521
168.0,10080000000.0,10370.66,10361.3,10363.4,0.83661649,2.6899999999986903,10362.675000000001,11.885409780000002,12.208821109999999,0.000455310177953296,0.0007014155158163465,0.0005534132271443486,0.0007047412741157401
169.0,10140000000.0,10365.01,10361.27,10363.13,0.9699006199999999,1.6000000000003638,10362.11,3.4637760500000008,16.72537022,0.000480452053448935,0.0007701805227732765,0.0005876795945475836,0.0007652320539001061
170.0,10200000000.0,10364.91,10359.66,10364.580000000002,0.47666631,3.5100000000002183,10362.785,38.724815140000004,71.92578615,0.0004764680682270386,0.0008126830347208405,0.0005808343389740639,0.0007873365190402176
171.0,10260000000.0,10364.91,10361.22,10363.06,0.15660187,0.010000000000218279,10361.015,24.80876704,5.62944831,0.00045448920272184867,0.0008150838247407557,0.0005772809280151728,0.0007901826994743964
172.0,10320000000.0,10361.02,10356.5,10356.5,29.73076233000001,0.010000000000218279,10356.505000000001,1.44668868,12.88685432,0.0004545348267491714,0.0007971473753000788,0.0005774930749358662,0.0007773153636663742
173.0,10380000000.0,10356.51,10350.0,10350.01,2.8965286199999993,0.010000000000218279,10350.005000000001,1.3698461300000002,4.38591316,0.0004282423368613261,0.0007479249020839248,0.0005593761540502188,0.0007373186031411932
174.0,10440000000.0,10350.01,10350.0,10350.01,2.3715221,0.010000000000218279,10350.005000000001,4.25,6.26613596,0.00039326228340570165,0.0008150944147679952,0.0005106890763634191,0.0008288311271239404
175.0,10500000000.0,10350.01,10331.75,10336.02,24.612683280000002,3.5599999999994907,10334.04,19.93937576,20.95307717,0.00039161448888439275,0.0008439245154634223,0.0005046546242716806,0.0008815567549064636
176.0,10560000000.0,10335.74,10320.0,10324.1,3.6828108099999985,2.100000000000364,10322.98,10.84740456,14.799390559999999,0.00044701009437331474,0.0007567429465032945,0.0004371422600840548,0.0007805552119165764
177.0,10620000000.0,10332.41,10322.9,10330.74,4.15575055,0.010000000000218279,10330.735,0.13515811,4.63356384,0.00048613369633460595,0.0008142903734283283,0.0004950722154976422,0.0008749129620961322
178.0,10680000000.0,10334.39,10330.12,10330.13,6.519082880000001,2.860000000000582,10331.58,11.511898330000001,16.891964469999998,0.0006108743656240168,0.0007245818888305144,0.0005857730774973602,0.0007053751606520799
179.0,10740000000.0,10333.39,10332.21,10332.22,2.9390623799999998,0.010000000000218279,10332.215,0.75331775,1.48163692,0.0006175680101675819,0.0007855631522369081,0.0005811052293047453,0.0007319801004571909
180.0,10800000000.0,10337.77,10332.21,10337.77,2.787893869999999,0.010000000000218279,10337.765,7.563866709999998,0.40245706,0.0006231387010578957,0.0009985792437806685,0.0005965432862657925,0.0009368750599562446
181.0,10860000000.0,10344.23,10337.76,10344.15,4.128147439999999,2.8799999999973807,10342.77,17.701351340000002,12.990990700000001,0.0006646470016915775,0.001112907207872622,0.0006363144165222678,0.001063397239742603
182.0,10920000000.0,10344.21,10338.7,10338.72,0.6653003599999999,2.0799999999999272,10339.77,9.510085570000001,7.524772150000001,0.0006997287651018769,0.0012426914342655356,0.0006888607411939215,0.0012408688032524322
183.0,10980000000.0,10340.72,10338.66,10339.99,7.191745649999998,0.010000000000218279,10339.985,38.05970233,15.011290409999999,0.0006956918059643894,0.001316016524507825,0.000682524276623853,0.0013076393149938207
184.0,11040000000.0,10339.99,10339.98,10339.99,5.360568150000001,0.010000000000218279,10339.985,5.27169452,20.299078469999998,0.000679245103934373,0.001315687458543308,0.0006694627222841699,0.0012996719023035256
185.0,11100000000.0,10339.99,10338.01,10339.99,2.72645464,0.8799999999991996,10339.55,9.053670030000001,9.26339068,0.000679245103934373,0.0012991970517746314,0.0006694627222841699,0.0012714562756387365
186.0,11160000000.0,10339.99,10331.05,10331.05,3.2602181999999997,1.0499999999992724,10330.535,3.9482802599999998,6.27318683,0.00047968629618147307,0.0011504750318895739,0.0005228057553617721,0.001155910808815926
187.0,11220000000.0,10331.06,10316.56,10320.96,9.007566409999999,1.7599999999983993,10320.08,33.69066336,5.1430016,0.00043481364901581953,0.0008625301580045371,0.0004604603224506135,0.0008988989850981541
188.0,11280000000.0,10324.3,10317.19,10323.57,0.9098268500000004,2.5599999999994907,10322.23,9.26129326,12.196458640000001,0.00047936852702962646,0.0008764910872753554,0.0005115124221849068,0.0008944551036653457
189.0,11340000000.0,10323.68,10316.34,10319.82,0.5718528300000002,0.010000000002037268,10319.825,7.4155244699999985,2.9095193999999998,0.0004857095010404503,0.0010145543575795274,0.0005221289871093073,0.0010058359027763416
190.0,11400000000.0,10319.85,10315.13,10316.18,3.9376780500000006,0.2000000000007276,10316.08,0.29951526,3.68046427,0.0004845334534813985,0.0009864570974484458,0.000520914298612369,0.0009995099342907934
191.0,11460000000.0,10316.5,10315.98,10315.99,2.83870594,0.010000000000218279,10315.985,10.011059800000002,1.51276361,0.00043521355156028973,0.0009292489157840011,0.00047505143055508826,0.0009473896668475217
192.0,11520000000.0,10325.16,10315.98,10325.16,12.319937640000003,0.010000000000218279,10325.154999999999,8.85553051,4.85459033,0.00037793847240244857,0.0007826269408163156,0.0003962604745068911,0.0007479901754442092
193.0,11580000000.0,10330.62,10325.0,10330.39,2.1395076999999993,2.569999999999709,10329.145,17.463015779999996,11.52128338,0.0005105483143356969,0.0007483089882367602,0.0005153099181309439,0.00073016216337226
194.0,11640000000.0,10334.93,10328.34,10333.21,0.74897202,0.00999999999839929,10333.205,0.0125,2.90890372,0.0005334286667910294,0.0009127190389832144,0.000546151023565653,0.0009204147310006377
195.0,11700000000.0,10333.21,10319.99,10325.34,1.4217656699999999,2.180000000000291,10324.06,6.26583572,12.554597679999999,0.0005537915515569574,0.0011236985128063044,0.000556821775055528,0.001127955741510901
196.0,11760000000.0,10336.32,10322.97,10336.32,1.5993308599999991,2.4900000000016007,10335.085000000001,28.84320266,16.08045107,0.0006055536182877299,0.0011217970760244926,0.0005935396120955842,0.0011245448390849516
197.0,11820000000.0,10338.41,10330.830000000002,10331.91,6.012484100000002,2.610000000000582,10333.215,12.50135837,14.4487742,0.0006520554270353294,0.0011318201028007763,0.0006387846329013391,0.0011350333134488267
198.0,11880000000.0,10337.72,10331.2,10337.65,1.1860697900000001,2.289999999999054,10336.505000000001,16.38231491,17.802587289999998,0.0005583578297114484,0.0009690937444283507,0.0005676294859307309,0.0009875056078524705
199.0,11940000000.0,10338.51,10331.86,10337.8,2.02831392,0.6700000000000728,10338.134999999998,5.51680666,6.7873479,0.0005609242257265206,0.0008416215802611011,0.0005825183740196035,0.0008826539484457015
200.0,12000000000.0,10338.5,10336.0,10338.47,0.26258528,0.010000000000218279,10338.465,9.9372585,1.9630249900000003,0.0005471346845639981,0.0007136438149184631,0.0005607282818380525,0.0007586546060007976
201.0,12060000000.0,10338.47,10335.99,10336.0,1.50067202,0.010000000000218279,10335.994999999999,0.3107886,7.95902901,0.0005203072285814296,0.0006577975360780795,0.0005348841371581692,0.0007005943423957019
202.0,12120000000.0,10336.0,10327.65,10329.830000000002,1.7139871200000003,2.210000000000946,10328.675,5.67534478,53.432578369999995,0.0005346557239914629,0.0005779818306422804,0.000548465486785599,0.0006129012032890776
203.0,12180000000.0,10329.28,10323.43,10323.75,1.0786925999999997,0.7600000000002183,10323.36,10.414,10.51902645,0.0005416994962330018,0.0007341792007007894,0.0005412867751014467,0.0007363487125612848
204.0,12240000000.0,10323.74,10312.57,10314.82,2.5433860899999994,2.219999999999345,10313.599999999999,22.926792270000004,17.17848733,0.0005504867330555078,0.0008720336755304477,0.0005476505342475232,0.0008554289561289105
205.0,12300000000.0,10316.65,10312.03,10313.48,6.130772459999999,0.010000000000218279,10313.485,32.52900805,0.3800251,0.0005865984028280531,0.0009676038503750033,0.0005828739060793421,0.0009300333024469115
206.0,12360000000.0,10313.49,10311.94,10311.95,12.550939320000001,0.010000000000218279,10311.945,3.58127354,12.223723150000001,0.0005397284701851947,0.0010368763676871036,0.0005494669726451249,0.001013349818119537
207.0,12420000000.0,10311.95,10310.0,10310.0,7.953832920000001,1.2900000000008731,10310.645,4.81577891,28.207149479999998,0.00037385641643473933,0.0010095220751038607,0.00038540066976535975,0.0009861890776002571
208.0,12480000000.0,10310.01,10300.12,10300.13,10.277514939999998,0.00999999999839929,10300.125,0.008999999999999998,4.26814601,0.00037485028836964124,0.0009984262933250482,0.0003801999808967383,0.0009775289074121767
209.0,12540000000.0,10300.12,10275.04,10278.95,67.61291046999996,0.2599999999983993,10278.83,8.71298055,0.0020134,0.0003975396583780908,0.0008272829281580411,0.0003438627114674289,0.0007995842476976962
210.0,12600000000.0,10278.96,10278.38,10278.66,12.316703100000002,0.010000000000218279,10278.654999999999,33.85502266,2.39705118,0.0006137013712749686,0.001013244794243282,0.0005896021745655438,0.0010035569916936535
211.0,12660000000.0,10296.62,10278.65,10296.080000000002,66.57816866999998,0.5100000000002183,10296.345000000001,10.49073688,24.09215943,0.0006090190564226671,0.0010029899992717482,0.0005801625910138213,0.0009559459316464557
212.0,12720000000.0,10322.080000000002,10295.81,10321.5,39.06987812999999,0.010000000000218279,10318.685000000001,3.03682644,49.92310163999999,0.0009221034645439665,0.0009604693497518747,0.0008972007765981246,0.0009249387457219198
213.0,12780000000.0,10319.99,10317.52,10319.98,2.0427310700000003,0.010000000000218279,10319.985,9.132794,29.114352889999996,0.001187010206296897,0.0018939003101706951,0.00123364254058912,0.0019435695852728738
214.0,12840000000.0,10320.0,10309.98,10316.15,3.8295611199999993,0.6099999999987631,10315.835,2.2093083099999995,1.4716467399999997,0.0011799591906261943,0.0024188262758974635,0.0012224993513110668,0.0024561370576099088
215.0,12900000000.0,10316.62,10302.54,10306.23,3.6971515199999994,3.640000000001237,10304.369999999999,14.934165660000001,20.55863644,0.0011487457412563988,0.0024473380420668204,0.0011977274305245956,0.002496691886948632
216.0,12960000000.0,10306.8,10300.06,10302.72,2.4977729099999997,2.3099999999994907,10301.555,10.543209059999999,6.124620669999999,0.0011983041074098949,0.002442808558749758,0.0012331575091959653,0.0024907437506461634
217.0,13020000000.0,10306.66,10300.5,10303.0,5.84368709,0.010000000000218279,10302.994999999999,25.621,0.52137904,0.0011995166378164985,0.002479158714939806,0.001235731324623489,0.002518026317817839
218.0,13080000000.0,10314.71,10302.99,10308.18,1.47192059,3.9899999999997817,10306.185000000001,48.09145563,24.85274559,0.0012015904242056316,0.002500448759198799,0.0012356789043996964,0.002539954105784876
219.0,13140000000.0,10308.14,10304.39,10306.52,0.62609853,0.4899999999997817,10306.244999999999,0.70793595,6.8863068,0.0011623967408449546,0.0024784054803381537,0.0012078179713723403,0.0025163482798181386
220.0,13200000000.0,10306.01,10306.0,10306.01,0.9466055899999999,0.010000000000218279,10306.005000000001,6.6240577,1.69379797,0.00092524605934487,0.002253993640096612,0.000986294528339915,0.002290960441391612
221.0,13260000000.0,10306.01,10306.0,10306.01,1.0147945800000002,0.010000000000218279,10306.005000000001,12.3999555,1.48454851,0.0009254400380287821,0.001959342797159705,0.0009869545779288185,0.0020087134105577185
222.0,13320000000.0,10306.01,10306.0,10306.0,0.8119615099999999,0.010000000000218279,10306.005000000001,17.68313104,1.21277064,0.0007888265847722453,0.001944970990993436,0.0008650890240004045,0.0020002839778634077
223.0,13380000000.0,10308.18,10306.0,10308.17,4.302766890000001,0.010000000000218279,10308.175,20.02428328,6.42430654,0.0003811043513275689,0.0016178031440055567,0.0003544494554210411,0.0016254324199932062
224.0,13440000000.0,10323.23,10308.17,10315.55,9.90014303,4.5,10313.15,32.02547498999999,64.24868079000001,0.00038741918133312306,0.0010202979253537072,0.00037063258324213127,0.0010235594559948045
225.0,13500000000.0,10315.39,10313.0,10314.73,1.50571827,1.6599999999998545,10313.9,9.609470320000002,7.65638497,0.0004118672455334716,0.00082584859872602,0.00043348916934168966,0.0008417533352759125
226.0,13560000000.0,10314.580000000002,10309.81,10310.56,1.0352896400000002,0.010000000000218279,10310.555,17.33858521,0.00218113,0.0001968912180349953,0.0007843477297351109,0.00029884089799222917,0.0007956346309337032
227.0,13620000000.0,10313.0,10310.56,10313.0,11.51005279,0.010000000000218279,10312.994999999999,8.834829469999999,6.72574334,0.00020673886382583273,0.0005293442147789904,0.00030832025129569536,0.0005802853540147171
228.0,13680000000.0,10320.0,10313.0,10320.0,6.756573349999999,0.010000000000218279,10319.994999999999,15.14319011,0.32746212,0.00021118998345322072,0.0002689532476532041,0.0003113842372589248,0.00037199870505725917
229.0,13740000000.0,10320.0,10319.99,10320.0,0.7957102500000001,0.010000000000218279,10323.445,16.00207483,0.08202320999999999,0.0002693676972328677,0.0002818976205377925,0.00033767942212173916,0.00037871446382771126
230.0,13800000000.0,10324.0,10322.26,10323.99,1.9007922600000005,0.010000000000218279,10323.994999999999,7.23300596,1.48914664,0.0002717576251496273,0.00039762374979766574,0.0003278440635610305,0.00042330676985297074
231.0,13860000000.0,10330.0,10323.73,10330.0,5.794412019999998,2.110000000000582,10328.945,19.72721504,5.82751468,0.0002673369131914459,0.00044239975267317585,0.000329965446300245,0.0004746064040802308
232.0,13920000000.0,10329.99,10328.54,10329.99,0.5731622000000001,0.010000000000218279,10329.985,0.02367128,3.64819663,0.0002746445567632515,0.0004230549449978147,0.0003450715632126829,0.0004491848052122789
233.0,13980000000.0,10329.99,10329.98,10329.99,0.8252171699999999,0.010000000000218279,10329.985,0.25886416,11.731711380000002,0.0002680734668968594,0.00037508350642316844,0.0003450714106905948,0.00041869542433734143
234.0,14040000000.0,10333.55,10327.9,10327.9,8.760294719999997,4.110000000000582,10329.955,26.274112749999997,79.89847884999999,0.00027708547409125214,0.0003493114261635605,0.00035212544771707566,0.00039468252109406947
235.0,14100000000.0,10331.64,10315.99,10319.65,0.6476079800000002,2.3699999999989814,10318.465,20.229388210000003,3.5535983599999996,0.00026768793788778443,0.0003882412195456126,0.00032748511042944697,0.0004629090242047452
236.0,14160000000.0,10321.9,10315.9,10317.96,1.1030106099999997,0.8899999999994179,10317.515,9.632340119999999,0.75362072,0.0004684074782300828,0.0006398022953157588,0.0004271671579750475,0.0006457441780989226
237.0,14220000000.0,10326.9,10316.98,10320.32,7.422359050000001,2.820000000001528,10318.869999999999,19.17141944,8.31725433,0.00045512072823852227,0.0008059078461067602,0.00040734873632664097,0.0007959906887030567
238.0,14280000000.0,10323.51,10318.03,10322.16,2.44032043,3.109999999998763,10320.385000000002,21.15777458,10.520764449999998,0.00045229637662787297,0.0009008867337767857,0.00040703496554557505,0.0008380303759350626
239.0,14340000000.0,10323.37,10319.05,10319.59,1.5466910499999993,3.1700000000000728,10321.175,11.25172918,47.89410621999999,0.00040484198282655763,0.0008900510849481838,0.000356918961259208,0.0008316267686832765
240.0,14400000000.0,10322.74,10319.580000000002,10319.59,0.47996907999999994,0.00999999999839929,10319.585000000001,6.85250646,1.9438757900000003,0.00039094990760091806,0.0008145527604343948,0.0003660814122569797,0.0007933347155819042
241.0,14460000000.0,10334.02,10319.580000000002,10333.77,2.4312044999999993,0.010000000000218279,10333.765,0.31674775,3.30927355,0.0003919089715898647,0.000740308186870587,0.00034244802147817696,0.0007235043677760184
242.0,14520000000.0,10333.77,10327.15,10333.77,0.9394116799999996,0.010000000000218279,10333.765,1.72188421,0.2483548,0.0005648383959968642,0.0008026774045964779,0.0005221721890736917,0.0007460713961375048
243.0,14580000000.0,10333.77,10333.23,10333.24,0.36626107,0.010000000000218279,10333.235,0.0867227,7.29694415,0.0005646857193545016,0.000866946854634832,0.0005221653002476739,0.000806769182669403
244.0,14640000000.0,10333.24,10326.16,10330.37,1.35833637,2.0799999999999272,10328.919999999998,18.8321833,7.395791010000001,0.0005652288301709413,0.0009387801895351246,0.0005227523617184055,0.0008843066754936605
245.0,14700000000.0,10331.95,10320.0,10320.0,3.5742289899999995,0.010000000000218279,10320.005000000001,6.11e-06,6.61158417,0.0005812254941485394,0.0009550771766209181,0.0005266027284116214,0.0008894780766878701
246.0,14760000000.0,10320.0,10316.5,10316.5,2.3516834699999998,0.010000000000218279,10316.505000000001,0.00118527,6.31784498,0.0005370922872059664,0.000983449136004739,0.0005611022831043316,0.0009346466448162064
247.0,14820000000.0,10316.51,10306.0,10306.66,9.691941670000002,0.010000000000218279,10306.665,7.04531815,0.10065182,0.0005470435645055764,0.0010415937739413881,0.0005687467353392867,0.0010018507019247376
248.0,14880000000.0,10307.0,10306.66,10306.99,2.9588093899999994,0.010000000000218279,10306.994999999999,4.87204967,0.44584964999999993,0.0006120784569686329,0.001192212665359333,0.0006260386271208796,0.0012068597872364592
249.0,14940000000.0,10306.99,10300.01,10300.01,7.066375690000003,2.219999999999345,10301.119999999999,5.864317249999999,11.0986858,0.0006080644465310774,0.0012342421170464957,0.0006202947372679024,0.0012425992249363354
250.0,15000000000.0,10302.51,10290.18,10290.18,7.2532654999999995,5.860000000000582,10293.14,37.57242405999999,95.50779412000003,0.000617011619251764,0.001266546318753575,0.0006403242735520091,0.001289699835645625
251.0,15060000000.0,10291.8,10279.02,10279.02,6.3218708,4.670000000000073,10281.335,22.518944210000008,38.91379657,0.0006406046272155793,0.0012785571146842277,0.0006751158031899278,0.001323610828808441
252.0,15120000000.0,10288.01,10275.0,10280.04,8.66768946,3.899999999999636,10281.96,18.276825400000003,55.987158480000005,0.0004003662777408933,0.0012263590160628219,0.0004288794857099294,0.0013181539974315745
253.0,15180000000.0,10287.13,10275.01,10277.49,4.35783324,1.5200000000004366,10275.77,3.31968493,3.06931572,0.0004084206502765134,0.001007890820258155,0.00044199776423739355,0.0010718517337552369
254.0,15240000000.0,10287.21,10275.0,10287.21,5.773130119999998,3.780000000002474,10283.44,43.56913886999999,5.877280760000001,0.0003800264148794858,0.0005220496356204694,0.0004246871961385185,0.0006143923518583262
255.0,15300000000.0,10287.26,10282.5,10282.51,0.39073142,0.010000000000218279,10282.505000000001,7.05e-06,8.36465206,0.0005467355988399389,0.0006792528839099926,0.0006159881223703619,0.0008808658675936148
256.0,15360000000.0,10282.51,10264.0,10264.76,5.403882850000001,0.7199999999993452,10264.36,0.04093462,1.9910161199999998,0.0005360982250683986,0.0008249906893715921,0.0005850843436864972,0.001022144902298749
257.0,15420000000.0,10266.21,10262.0,10263.28,19.896537640000002,0.010000000000218279,10263.275000000001,1.8996814899999996,0.75933116,0.0006806252284423368,0.0008232363625320995,0.0007132131311394635,0.0010174252439430792
258.0,15480000000.0,10263.99,10263.27,10263.28,2.6017196899999995,0.010000000000218279,10263.275000000001,7.05703068,0.71444924,0.0006723773724403346,0.0008052364657810781,0.0007032595057386654,0.0010205453048582626
259.0,15540000000.0,10271.26,10263.28,10265.22,3.2608603599999992,0.010000000000218279,10265.005000000001,0.0054,44.41163318,0.0006702827995119271,0.0008234578489223061,0.0007012577197739825,0.0010352379689749541
260.0,15600000000.0,10265.01,10217.95,10247.11,134.98119437000022,0.010000000000218279,10247.105,2.4079519400000002,5.20895159,0.0006905929586544527,0.0009232018843104972,0.0007180104663551491,0.0011101680494146665
261.0,15660000000.0,10247.11,10234.19,10235.29,8.611027210000001,0.19000000000050932,10235.195,4.21200377,0.40168472,0.0008022347779174678,0.0009298423288670679,0.0008212145072199964,0.001109313151674319
262.0,15720000000.0,10249.12,10235.06,10248.3,16.23628541,0.8299999999999272,10247.675,5.41325192,9.828773479999999,0.0008035888041798888,0.0009656446286711495,0.0008270436077679274,0.0011111845018015943
263.0,15780000000.0,10249.93,10240.22,10240.22,1.05477522,2.0600000000013097,10241.25,9.697380419999998,67.84357886,0.000940615632258652,0.0009560877398916966,0.0009647132034723264,0.0010947123667772753
264.0,15840000000.0,10245.16,10242.01,10242.44,5.003551079999999,1.4099999999980355,10242.285,10.67624504,53.197082820000006,0.0009413572529613183,0.0009613908895862094,0.0009748821893182069,0.0011035343007970008
265.0,15900000000.0,10242.99,10241.8,10242.61,1.6078486900000002,1.0299999999988358,10242.095000000001,11.580939309999998,12.415854039999997,0.0008853972597385306,0.0010367790222418336,0.0008985815152539277,0.0010869441564261798
266.0,15960000000.0,10259.36,10242.6,10259.36,14.209134709999999,0.010000000000218279,10259.355,8.394300519999998,4.95986774,0.0008881898470387615,0.0009863019698717619,0.000908633482625154,0.0010119175978518418
267.0,16020000000.0,10259.36,10257.8,10257.8,2.5988730600000003,0.010000000000218279,10257.805,6.757900230000001,5.81675764,0.0009559414189250292,0.0013152014335537849,0.0009711417933898114,0.0013642282813818166
268.0,16080000000.0,10257.81,10252.68,10254.87,0.48276737,0.7700000000004366,10253.065,8.64015957,11.42190954,0.0009563106916496152,0.0014281556140705027,0.0009712192810578113,0.0014384023814637253
269.0,16140000000.0,10253.45,10235.32,10237.16,17.98540543,1.9399999999986903,10236.41,8.53960199,13.14849609,0.0009637753208058467,0.0014174271856923371,0.0009734401699971852,0.0014391923263074845
270.0,16200000000.0,10238.87,10235.330000000002,10235.66,1.8555802199999996,1.319999999999709,10236.32,11.809486739999999,8.7520462,0.0010593475966820534,0.0015374597560838977,0.0010836599346631054,0.0015517549278309711
271.0,16260000000.0,10236.98,10225.24,10227.46,8.66168199,1.319999999999709,10226.66,5.5324763599999995,16.635784270000002,0.0009405490629113935,0.0015833098393413369,0.000963021854740882,0.0016045660250741632
272.0,16320000000.0,10227.45,10200.38,10210.15,66.13918009999999,0.6999999999989086,10209.8,8.1946452,7.45258678,0.0009179902143093276,0.001561022091646132,0.0009301288353799114,0.0015969759919482102
273.0,16380000000.0,10218.22,10207.91,10218.22,18.38370544,0.31999999999970896,10218.05,3.379,5.098047599999999,0.0009143146148934123,0.0016535506252827942,0.0009257954703992178,0.0016952131961511646
274.0,16440000000.0,10227.080000000002,10218.21,10226.65,1.7032050500000002,0.37000000000080036,10226.415,0.6216863199999999,7.0810384299999996,0.0009733937749348897,0.001694143265379106,0.0009747246136782016,0.001729956297972336
275.0,16500000000.0,10226.23,10220.01,10222.97,11.75331182,1.1700000000000728,10223.585,5.111375729999999,2.7764061300000002,0.0010202060362596184,0.001649169405592671,0.0010177680415331188,0.0016838712799650912
276.0,16560000000.0,10233.0,10220.88,10232.82,14.458917009999999,0.010000000000218279,10232.994999999999,7.05938796,0.4740339,0.0010197048256422657,0.0017666067537504954,0.0010177328905265244,0.0017882071790674805
277.0,16620000000.0,10244.74,10233.0,10242.72,6.28654895,0.37000000000080036,10242.835,5.3020299500000005,9.46490431,0.0008983818191463136,0.0017283258994052384,0.0009115690817623188,0.0017324190675788403
278.0,16680000000.0,10243.02,10233.82,10233.82,6.654152010000001,0.819999999999709,10233.4,2.55531696,7.206987790000001,0.0009705911420224499,0.0017395170450863798,0.0009836718624620018,0.0017412399389321227
279.0,16740000000.0,10233.68,10220.87,10231.01,9.676939,3.4799999999995634,10237.51,23.93126328,8.20206911,0.0009950235814503504,0.001729250709243366,0.001007196881397829,0.001727694294315576
280.0,16800000000.0,10239.12,10224.02,10224.02,0.23077614,0.010000000000218279,10220.865000000002,0.00146759,6.6538892,0.000882537706224916,0.0016600575470169922,0.00087302747382134,0.0016500693877502845
281.0,16860000000.0,10220.86,10192.86,10192.86,62.30096307999999,0.20999999999912689,10192.965,3.1130538999999997,0.1962541,0.0010102802792092322,0.0016654884643284738,0.0008929831832780483,0.0016175433718892533
282.0,16920000000.0,10192.87,10172.96,10181.32,59.436475060000014,1.319999999999709,10180.66,1.14488916,2.6961956799999998,0.0012613712923740586,0.0018872970962106337,0.0012492742373262894,0.0018400459506123642
283.0,16980000000.0,10198.01,10180.09,10198.01,18.714198719999995,4.539999999999054,10195.720000000001,30.52940088,41.42346555,0.0012215179006194842,0.0023676684585989126,0.0011988131516136196,0.002184626709562831
284.0,17040000000.0,10195.79,10177.11,10177.11,11.596367130000004,1.6000000000003638,10177.900000000001,5.3027,6.530301189999999,0.0012959152946314281,0.00240516200018502,0.0012977196577455693,0.002235910354712498
285.0,17100000000.0,10190.85,10177.1,10187.84,11.838089910000003,0.00999999999839929,10187.835000000001,6.86724996,3.40418717,0.0013191431879316753,0.0023958881858833743,0.0013564969791849014,0.002230797871887812
286.0,17160000000.0,10187.84,10172.01,10172.02,1.71230346,0.010000000000218279,10172.015,4.66735298,0.37885763000000006,0.001389596491230536,0.002340385497109145,0.0014336481038738115,0.0021765770886873945
287.0,17220000000.0,10172.02,10160.23,10164.19,20.193936850000004,1.1900000000005093,10163.575,1.11585031,4.16423148,0.0013614164724813065,0.0022072073199219007,0.0014027209370085151,0.0020516728072163728
288.0,17280000000.0,10160.91,10122.23,10143.14,218.2554174200002,1.0999999999985448,10142.59,1.82797254,5.67335426,0.0012585732954978454,0.0019660854769550005,0.0013024764492322507,0.0017984935979317804
289.0,17340000000.0,10155.73,10142.84,10149.88,19.02110042,0.00999999999839929,10149.875,0.49496576,0.668,0.0013171813992441277,0.001895901343168418,0.0013603808901859232,0.001700043660635717
290.0,17400000000.0,10164.94,10149.88,10159.85,24.383648099999988,4.010000000000218,10157.805,11.14457833,60.140889630000004,0.001351217715458554,0.0016721742176954255,0.0014301553902085085,0.0015557214487708039
291.0,17460000000.0,10164.99,10155.73,10159.81,6.480035469999999,0.010000000000218279,10159.805,5.0,4.7240117,0.0014063462795469008,0.0017718346548695112,0.0015271417176597867,0.0016647617183505705
292.0,17520000000.0,10159.99,10150.01,10150.01,9.787847719999997,0.010000000000218279,10150.005000000001,0.04339152,4.44575351,0.0012298208301682407,0.002054157411845294,0.0013011947536887194,0.0019316275785622938
293.0,17580000000.0,10150.0,10121.6,10137.61,47.41984396,0.6899999999986903,10137.955,4.14155855,6.50408163,0.0012144756417855503,0.001682436497367073,0.0012917215493620255,0.001684276882929085
294.0,17640000000.0,10138.21,10107.4,10116.41,130.34823399,0.010000000000218279,10116.415,36.30984354,0.21942011,0.001079612336485931,0.0016524438864945219,0.0011364380444342274,0.00166041511580196
295.0,17700000000.0,10134.03,10114.91,10115.0,20.88047857999999,0.010000000000218279,10115.005000000001,0.00459911,5.63400882,0.0011257541756335573,0.0018951056139799114,0.0011418509324015288,0.0018975834727460407
296.0,17760000000.0,10115.01,10081.830000000002,10110.35,150.77505999000005,3.1200000000008004,10108.79,31.01918939,2.98385935,0.001013180314953994,0.001826206410668999,0.0010186926256940826,0.0018323735631023818
297.0,17820000000.0,10123.23,10110.35,10121.38,13.161680479999998,0.049999999999272404,10121.395,12.105171850000001,0.9036449799999999,0.0009740927432368149,0.0018467954942253271,0.000981066599348009,0.001837773249286406
298.0,17880000000.0,10128.44,10119.25,10120.18,17.425217570000004,0.010000000000218279,10120.005000000001,3.77e-06,7.21031904,0.0011185044800076796,0.0019847015560183574,0.0011016780291563093,0.001971202532472652
299.0,17940000000.0,10120.0,10100.01,10112.95,10.785198970000001,3.599999999998545,10110.66,6.08669077,18.84147379,0.0009744315117399525,0.0018649980279223219,0.0009553115348286286,0.0018590241381191248
300.0,18000000000.0,10112.11,10094.49,10094.49,14.672921990000003,0.030000000000654836,10091.105,0.01,2.31852202,0.0009397962311829258,0.001883381304866609,0.0009154928913145399,0.0018815233410616685
301.0,18060000000.0,10098.15,10083.13,10098.05,15.460129199999997,1.1299999999991996,10099.355,1.18,11.84838336,0.0009552834664295681,0.0019634815619702832,0.0008897198388665558,0.0019305939095274856
302.0,18120000000.0,10128.52,10099.03,10128.24,19.692953090000003,6.300000000001091,10124.11,30.379117590000003,36.35246193,0.0010263388961657802,0.0017021594141591557,0.0009212777470964039,0.0016862245971314366
303.0,18180000000.0,10125.830000000002,10118.32,10123.99,20.36717059,1.7000000000025466,10124.98,23.1058478,3.1356443699999996,0.0013607599663703215,0.001867896203801772,0.0014053124444710788,0.001879957858270486
304.0,18240000000.0,10137.53,10125.830000000002,10132.0,8.315848220000001,1.9400000000005093,10132.970000000001,5.501195790000001,9.21802302,0.0013266706438104568,0.0023566793742965946,0.0013678851498700878,0.0022688143954820686
305.0,18300000000.0,10133.94,10122.15,10122.15,12.14059203,4.680000000000291,10124.7,15.239647280000002,97.32545200000001,0.001166237419142048,0.002396934286290556,0.0012207631412696756,0.0023086130773262107
306.0,18360000000.0,10127.02,10121.16,10123.05,0.35646253,1.8800000000010186,10122.1,3.35490894,53.668211140000004,0.0012010088948798854,0.002141465533182971,0.0012655707830283027,0.0020505216652509563
307.0,18420000000.0,10125.18,10113.81,10118.16,7.3195016299999995,1.4400000000005093,10120.68,8.167292719999999,0.85094795,0.0011845170442811915,0.001905233714307383,0.0012531859067621994,0.0018349656235001465
308.0,18480000000.0,10131.05,10121.4,10131.05,1.23749927,5.1599999999998545,10124.34,16.40651199,34.725692759999994,0.0011256214400981626,0.001964093729489077,0.0012205665180518282,0.0019041482391315406
309.0,18540000000.0,10126.81,10092.72,10092.72,11.984063619999999,2.5599999999994907,10094.23,16.825652549999997,7.6345410000000005,0.0011297644601191608,0.0019631869984665035,0.0012805992694328388,0.0019139781251094575
310.0,18600000000.0,10100.830000000002,10061.46,10062.77,46.94467170000001,0.8400000000001455,10066.26,5.07690592,5.29232692,0.0014322549066500786,0.002149868651802557,0.0017298936852557796,0.0021402270158113533
311.0,18660000000.0,10083.71,10066.69,10079.35,41.79981965999999,3.4200000000000728,10077.14,13.918763279999999,20.56474173,0.0015527451576474813,0.0025497851284842863,0.0018658752627717995,0.0025929104788060937
312.0,18720000000.0,10075.44,10059.71,10064.43,2.3286982999999983,0.010000000000218279,10064.425,1.52907301,5.02996743,0.0015726480447149777,0.002828328985845426,0.001950592203525288,0.0029203425083642064
313.0,18780000000.0,10064.43,10028.54,10043.97,67.04121486000001,3.040000000000873,10042.33,11.654897680000001,8.02359558,0.0013157405764727657,0.002824070843380368,0.0016632228966109127,0.0028807702171029952
314.0,18840000000.0,10049.4,10031.46,10031.46,4.943224849999999,0.010000000000218279,10031.465,8.61e-06,3.0,0.0013751548388143647,0.0024241877143468234,0.0017124638651607015,0.0025464171403629695
315.0,18900000000.0,10031.47,9950.81,9988.18,257.17641020000025,0.00999999999839929,9986.085000000001,0.46498946,1.2009463299999998,0.0012667208955867357,0.0019098536229895738,0.001631278193958549,0.0020848348155017133
316.0,18960000000.0,10014.85,9981.23,10014.85,42.81293371000003,2.530000000000655,10013.575,9.38173685,22.84354973,0.0016435853837295645,0.0023035844811896654,0.0019107281924196386,0.0024881936668907562
317.0,19020000000.0,10014.82,9980.0,9980.0,15.301234379999993,4.730000000001382,9978.465,20.194846820000002,19.197628119999997,0.0020470460195161693,0.002098269962508267,0.0022322341083308357,0.0022811306638187753
318.0,19080000000.0,9984.35,9962.04,9966.39,33.25705354,4.029999999998836,9968.445,14.18459285,62.04152326999999,0.0021402437161812324,0.0020170712908350458,0.0023320428818985454,0.0022249811629338964
319.0,19140000000.0,9988.1,9953.64,9988.1,14.171596470000003,0.6399999999994179,9992.83,1.9239091000000001,5.0089999999999995,0.0020649650338078734,0.0017359548847882525,0.0021608266275443813,0.0017164619917736806
320.0,19200000000.0,9997.59,9989.65,9991.04,7.862216020000001,5.610000000000582,9993.295,27.325221940000006,27.617947450000003,0.00231577166263523,0.0017972548787285633,0.002303538822979993,0.0017395736113446146
321.0,19260000000.0,10006.3,9993.6,10006.29,10.497349799999995,0.00999999999839929,10006.295,3.90999132,1.72016918,0.0022545412214760594,0.0023524503481952732,0.0022373293620065876,0.0022457363191097043
322.0,19320000000.0,10014.0,9998.23,10006.28,16.616476560000002,0.5,10006.53,0.41225176,2.2196285000000002,0.0022730526739570284,0.0031043567537476073,0.002224794621167112,0.003063128774786269
323.0,19380000000.0,10014.9,10003.39,10008.82,4.2580856,0.010000000000218279,10008.814999999999,5.30478327,50.91134856,0.0022741421282335157,0.0032972218774702097,0.002218813002496184,0.003317383295831556
324.0,19440000000.0,10008.82,9998.29,9999.99,7.017266449999999,1.430000000000291,9999.275,15.339450740000002,1.03368331,0.00221687817228833,0.003459377807694087,0.0021743555783135314,0.003508494399195376
325.0,19500000000.0,10011.97,9998.56,10011.9,5.0234936,0.569999999999709,10011.515,0.71961695,9.245019139999998,0.002212854102679474,0.0033239257693285047,0.0021620586204202036,0.0033588609576834395
326.0,19560000000.0,10011.8,9990.0,9997.24,20.10548366,3.3100000000013097,9993.965,7.112479990000002,18.55694474,0.0017425099314278,0.0025218667757837075,0.001730652491056408,0.0026317302931217357
327.0,19620000000.0,10005.74,9990.02,9996.62,5.48533535,1.6599999999998545,9996.27,5.49232465,12.917495640000002,0.0016165999008828371,0.002418857094824581,0.001588412413899488,0.002517279623821258
328.0,19680000000.0,10005.0,9995.74,10005.0,23.205410889999996,0.010000000000218279,10004.994999999999,17.40446802,6.35550064,0.0011811915959229014,0.0017548372110532343,0.0011467911103149972,0.0019303471557503946
329.0,19740000000.0,10005.0,9992.9,10000.46,77.48535183000001,2.819999999999709,9992.56,15.717870229999999,3.9970000000000003,0.0011261168291774957,0.0016565854925713489,0.001037960427860573,0.0017908206067138856
330.0,19800000000.0,9993.98,9927.05,9927.06,118.90756047000004,1.930000000000291,9928.025,7.716305,1.4793083999999999,0.0009791168752299872,0.0014644871852205255,0.0008706490909899606,0.0014790763946092265
331.0,19860000000.0,9938.16,9900.0,9925.78,222.16912073999998,1.0900000000001455,9925.225,1.43827886,16.71738345,0.002168733038738027,0.002606923013599242,0.002396468166098457,0.0027111639859343805
332.0,19920000000.0,9934.93,9888.0,9906.87,155.91072012000004,0.2900000000008731,9905.295,0.56354955,3.7250755,0.0020761600066464474,0.003105909291806727,0.002296231642487568,0.0032077683797786427
333.0,19980000000.0,9911.73,9900.01,9905.41,12.814754429999997,2.790000000000873,9906.805,6.93213982,10.73219769,0.0020839433186737233,0.0036197736281444706,0.002300621450591782,0.0038098119382155154
334.0,20040000000.0,9924.99,9903.28,9924.99,28.01673345,0.00999999999839929,9924.585000000001,0.0371,8.98721946,0.0020795373123047,0.0033696821588245335,0.002281909974278839,0.003547571335204401
335.0,20100000000.0,9923.65,9901.07,9902.07,45.544415079999986,0.13999999999941792,9906.67,1.82643224,4.999,0.0022453825752630553,0.0034153171700525894,0.002455669256635814,0.0035853914669873015
336.0,20160000000.0,9906.74,9856.77,9871.61,126.04213939000006,2.9900000000016007,9870.045,13.180136999999998,13.793608729999999,0.0021618174314457787,0.0033823531646751414,0.0024030243945427996,0.0035006371203816907
337.0,20220000000.0,9869.89,9821.11,9829.76,142.74777669999986,3.7399999999997817,9827.27,15.412501879999999,17.161532490000003,0.0022993386280348283,0.0033604618731032797,0.002475061304521852,0.003454446001587912
338.0,20280000000.0,9829.07,9739.99,9815.01,312.83975601999964,0.06999999999970896,9819.965,0.69137651,4.0,0.0024115576807960037,0.0037704247336558415,0.0025874676523121726,0.00380963352960496
339.0,20340000000.0,9848.0,9799.95,9838.7,95.85362813000003,0.010000000000218279,9832.255000000001,1.0416463,4.50941665,0.0022844770732519267,0.0038356644554097957,0.0024515392513856133,0.0038729298005604896
340.0,20400000000.0,9832.25,9809.87,9821.51,30.37952372000001,1.7600000000002183,9822.39,0.66150631,4.82365363,0.0024673585372443014,0.0035354278278287906,0.0027543625503695024,0.0035247541557911293
341.0,20460000000.0,9835.27,9823.18,9831.15,9.749564669999998,0.6000000000003638,9830.849999999999,7.481,0.98448281,0.0018653806883293061,0.0037426104839240032,0.002002549186365291,0.003695362983356822
342.0,20520000000.0,9844.1,9825.19,9834.05,26.5425597,1.3299999999999272,9837.575,4.00688663,4.739,0.001943419358134383,0.0038971214659590165,0.0020807161813713093,0.0039418909016610435
343.0,20580000000.0,9871.02,9836.43,9854.1,42.50177469,1.5,9853.35,0.39842310999999997,0.63852738,0.001964976746466962,0.0036687467243443394,0.002084966691753398,0.003533771808467611
344.0,20640000000.0,9862.96,9825.01,9827.68,22.703095610000016,2.280000000000655,9826.529999999999,0.7925194600000001,38.090279120000005,0.002072041716351768,0.004071067684524954,0.0022437274923219116,0.003979963676550308
345.0,20700000000.0,9830.04,9794.080000000002,9794.11,30.021924940000005,0.22000000000116415,9794.220000000001,1.6737360799999998,7.1762736,0.0020053610256209253,0.004053173960966529,0.002159660869395411,0.0039661885289726355
346.0,20760000000.0,9799.18,9777.43,9779.57,31.315302940000016,2.1299999999991996,9778.485,1.6827786399999998,40.692787429999996,0.0021121122010977576,0.004019111784127643,0.002251216557605053,0.003953734555226822
347.0,20820000000.0,9818.14,9777.43,9816.36,18.635910439999996,7.290000000000873,9812.715,91.73010757000002,34.492589089999996,0.0019454345942372117,0.004281014505040446,0.00215980095020533,0.0042267927572004595
348.0,20880000000.0,9819.080000000002,9798.080000000002,9800.77,17.346313699999996,2.5600000000013097,9799.41,12.94830984,0.12507388,0.0019936838933284065,0.0036513848549288024,0.002266508749979955,0.003626733287504149
349.0,20940000000.0,9805.25,9782.0,9786.18,14.959059099999997,4.149999999999636,9784.095000000001,5.758753199999999,23.8844551,0.002020321553541215,0.002991089749983586,0.002271938161621283,0.0029436314589634045
350.0,21000000000.0,9786.17,9740.03,9764.48,127.64332655000005,0.010000000000218279,9764.474999999999,8.51e-06,7.94056877,0.0019933202326689395,0.0029070094298191194,0.002130063386947775,0.0029002435981644896
351.0,21060000000.0,9789.0,9764.47,9777.8,56.63444943999999,7.110000000000582,9781.565,27.824973779999997,44.38233655,0.002041265587938134,0.003146638410353632,0.002161313428841661,0.003195974367789146
352.0,21120000000.0,9803.56,9781.61,9799.01,51.87224551000001,0.010000000000218279,9799.005000000001,4.3e-06,10.6460865,0.0021203166135176773,0.003044786303286302,0.0021917868707257474,0.003054762294590533
353.0,21180000000.0,9805.0,9792.07,9802.32,14.905091239999994,1.7299999999995634,9801.455,7.918854639999999,8.91664166,0.002205605750397464,0.0031264047403856566,0.002331020428200053,0.0031685855629139874
354.0,21240000000.0,9816.28,9799.92,9813.52,20.760026000000003,2.7600000000002183,9814.89,1.2891354199999998,13.818085129999998,0.0021189214603679687,0.0032247920448532073,0.0022090619189164356,0.0032560906193815366
355.0,21300000000.0,9828.13,9813.55,9824.21,16.062535640000004,0.8499999999985448,9823.785,2.0,1.74940278,0.002049297171836862,0.0035331294797667128,0.002132227132021775,0.003592043529330089
356.0,21360000000.0,9848.23,9819.43,9830.0,64.03056174,2.5499999999992724,9831.275,9.07925277,16.89266531,0.0017670228956655357,0.003483051763891777,0.0018501717851429243,0.003581777851723708
357.0,21420000000.0,9831.54,9810.0,9820.85,30.27149691,1.0400000000008731,9820.07,4.53664863,6.34249057,0.0016500632342707935,0.0026217880462906457,0.0017511300585489585,0.0027514077445425253
358.0,21480000000.0,9849.75,9818.64,9849.69,7.091092459999998,0.010000000000218279,9850.105,5.60891826,0.005,0.0013831031464110685,0.0025270948896468424,0.0014149103832706105,0.0026830358367516917
359.0,21540000000.0,9866.55,9844.35,9865.36,49.81472447,0.010000000000218279,9865.355,3.4030729,0.08635044999999998,0.0015500716110510607,0.002575846696775071,0.001537883644132122,0.0027304181363922825
360.0,21600000000.0,9901.84,9860.61,9882.04,47.08312372,1.2799999999988358,9881.41,14.99889936,7.78e-06,0.0014069445239522458,0.0026578893910907055,0.001412185694071644,0.0028279820823075693
361.0,21660000000.0,9892.54,9866.39,9866.39,46.48562522000001,4.959999999999127,9868.93,28.89173688,42.71468923,0.0010527878192855326,0.002031619122105544,0.00100239547827695,0.002154277817215045
362.0,21720000000.0,9879.02,9857.11,9857.11,27.985396749999992,1.930000000000291,9858.055,6.2274879599999995,10.596422440000001,0.0012605238825982269,0.0014583426775479557,0.0012995793990431528,0.001480384246684763
363.0,21780000000.0,9860.74,9844.65,9844.65,56.18251082,0.6900000000005093,9844.564999999999,2.35637611,0.7,0.001350172126537875,0.001793467645863707,0.0013311176545623817,0.0018147044158344896
364.0,21840000000.0,9877.21,9844.91,9873.56,23.811317289999995,0.010000000000218279,9873.555,0.06578494,4.067782,0.0014739761052979512,0.0025777300932887473,0.0014437180653415317,0.002600913900189483
365.0,21900000000.0,9882.0,9873.56,9881.54,10.112603900000003,0.6000000000003638,9881.02,7.26524206,8.42903854,0.0016396885296267693,0.00256050074814733,0.001621400768442849,0.002554708302788638
366.0,21960000000.0,9900.29,9880.73,9900.29,5.239309380000002,3.639999999999418,9902.36,10.05980511,12.64053146,0.0016374771337346581,0.0025542757336259503,0.001615297640465931,0.00255144542917998
367.0,22020000000.0,9913.99,9891.79,9904.74,24.550558970000008,5.359999999998763,9902.04,27.31681488,24.83655402,0.0017050933703045043,0.0028370280722046846,0.0016627591895655605,0.002811832643738287
368.0,22080000000.0,9904.82,9876.7,9886.580000000002,28.045170189999997,0.010000000000218279,9885.005000000001,0.25,9.17841054,0.0016141064068404209,0.0028107660221849337,0.0015754769110559435,0.002805119172925133
369.0,22140000000.0,9896.88,9884.37,9893.48,7.21704351,1.1499999999978172,9894.905,12.35889805,1.77727295,0.001591706609015782,0.0028496705996289362,0.0015941686407747136,0.0028416619735371173
370.0,22200000000.0,9894.47,9880.02,9881.64,24.73662388000001,0.010000000000218279,9881.115000000002,0.23678186,5.30085706,0.001558835096019082,0.0029000807007179435,0.001547905875113896,0.002882672488562032
371.0,22260000000.0,9881.05,9870.0,9870.0,17.287425680000002,0.010000000000218279,9870.005000000001,0.62032866,6.08383307,0.0015651033578566586,0.002597400749479757,0.0015280962721045223,0.0026137754202683982
372.0,22320000000.0,9886.95,9870.0,9876.49,19.467278920000002,0.15999999999985448,9876.42,0.12395254999999997,3.83223767,0.0015544497712636036,0.0026347637824792667,0.0014905086162765513,0.0026750152564483636
373.0,22380000000.0,9899.6,9876.5,9893.88,17.46042038,0.010000000000218279,9893.884999999998,8.03584026,0.52103776,0.0015172998656998997,0.002700657457429116,0.001462463336186795,0.0027257010667349492
374.0,22440000000.0,9899.61,9880.45,9880.45,24.268880519999993,0.010000000000218279,9880.005000000001,0.2356665,5.87034584,0.0014871978262743723,0.002370569955373172,0.0014415475334281457,0.0023801950192832854
375.0,22500000000.0,9880.01,9860.330000000002,9872.32,20.582537349999996,3.0,9870.37,10.81374545,6.5635166300000005,0.001337154896376805,0.002370888838983023,0.0012825535483833362,0.0023821642878702073
376.0,22560000000.0,9875.36,9864.82,9871.8,6.856989460000002,4.430000000000291,9874.955,28.475569269999998,11.767619000000002,0.0013486555879972523,0.002339489119388898,0.0012820878907621504,0.0023323272889014994
377.0,22620000000.0,9877.27,9865.65,9867.31,5.244905659999999,1.4200000000000728,9866.27,19.26363732,14.300275089999998,0.0011441300523533017,0.001582081906705488,0.0010999396441137687,0.0016958088169899243
378.0,22680000000.0,9877.39,9865.0,9877.39,9.757693009999995,0.010000000000218279,9877.384999999998,38.44219906,3.16e-06,0.0011542374460869534,0.0011869907318122657,0.001072459012781519,0.0012551766592950899
379.0,22740000000.0,9878.73,9855.02,9859.0,21.314426440000002,0.010000000000218279,9855.005000000001,2.1808096,10.8530024,0.0011348161104586644,0.0012198801186142992,0.0010260002983238832,0.0012555324689658947
380.0,22800000000.0,9898.82,9855.01,9898.78,23.474570900000007,0.010000000000218279,9898.775000000001,7.83123923,0.41596359000000005,0.0012426418153010058,0.0012814973123489862,0.0011125408193437428,0.0012653409039052707
381.0,22860000000.0,9946.24,9898.78,9946.21,28.343674449999995,0.38000000000101863,9947.74,1.8235696300000002,0.17143846000000001,0.001858115961819426,0.0017027004634066246,0.0016773327624421519,0.0016354059757405508
382.0,22920000000.0,9948.41,9928.25,9938.03,13.88226915,1.6700000000000728,9935.314999999999,7.266619659999999,7.46948711,0.002277179081940245,0.0027415675137434626,0.002098951051613232,0.0026387369024864432
383.0,22980000000.0,9963.67,9928.65,9960.75,26.089170400000004,0.010000000000218279,9960.744999999999,7.8e-06,1.23238576,0.002358452352410975,0.0034171380445110226,0.0021532539436897777,0.0033142350330917073
384.0,23040000000.0,9984.56,9953.35,9984.56,14.03727142,4.029999999998836,9980.045,12.70097848,17.50205156,0.0024091313919838817,0.003691556356770838,0.0021865125799534193,0.0035945263371804062
385.0,23100000000.0,9978.51,9962.95,9970.19,31.274094580000007,0.010000000000218279,9970.185000000001,0.11118006,8.33164381,0.0023278525985610727,0.0036889623823895,0.0021261835894403037,0.003613532191344829
386.0,23160000000.0,9970.19,9955.330000000002,9970.19,16.917513319999998,0.680000000000291,9969.85,17.03561719,1.93453839,0.0023289448558584578,0.0035705756032332102,0.002187658631960734,0.0034974514005553627
387.0,23220000000.0,10031.03,9970.19,10010.4,79.36823534000003,0.010000000000218279,10010.395,0.91041917,10.88299551,0.002345335368345258,0.0032956633015902162,0.0021852054307583664,0.0031614103599257874
388.0,23280000000.0,10010.39,9992.17,9995.01,34.49989586000001,0.010000000000218279,9995.005000000001,0.47291774,8.482030039999998,0.0024255263752941078,0.0029590028817980474,0.002299307157797432,0.002820461705567523
389.0,23340000000.0,10000.0,9990.0,9998.27,16.409811549999997,0.1999999999989086,9998.380000000001,2.64111105,8.934799739999999,0.0025877497713810674,0.002841755994446321,0.0024682089326778837,0.0026748373114071464
390.0,23400000000.0,9998.49,9965.03,9980.02,22.00480183,8.420000000000073,9975.8,58.39858443,28.836784999999995,0.002346958267973819,0.002175364678229073,0.002277834182763552,0.0021513830222355847
391.0,23460000000.0,9983.72,9972.22,9978.24,4.01630182,0.010000000000218279,9978.244999999999,0.04893048,6.78812453,0.002353131009307849,0.0031473820859905257,0.00228002236465006,0.003028175707004497
392.0,23520000000.0,9978.25,9958.99,9958.99,3.6777458299999988,1.7399999999997817,9958.119999999999,14.745465339999999,1.04785262,0.0018992249847880963,0.0032167932430361996,0.0018639161444172158,0.003122953121185999
393.0,23580000000.0,9963.05,9955.02,9958.77,2.66626756,3.5,9957.02,17.312797950000004,5.41599006,0.001974649641456105,0.003164887084316692,0.001959091788921464,0.003087872055373834
394.0,23640000000.0,9961.63,9951.03,9954.99,6.603573499999999,2.9499999999989086,9953.515,11.19261728,4.83485844,0.0018159087558356616,0.002816476988934259,0.0018331151183464361,0.0027639152581238934
395.0,23700000000.0,9962.81,9951.86,9962.79,11.600866350000002,2.649999999999636,9961.445,7.37124662,6.8638643,0.0016928340402404011,0.002781971106243768,0.0016481855678830227,0.0026365784126843993
396.0,23760000000.0,9965.44,9956.77,9960.14,7.69344259,2.0100000000002183,9957.615000000002,10.13053632,8.348985769999999,0.0017012314422289098,0.002524502041198364,0.0016286787214978293,0.0024039573384302083
397.0,23820000000.0,9960.12,9947.93,9947.93,5.09815355,0.010000000000218279,9947.935000000001,3.45e-06,14.79730925,0.001703400792114972,0.0024932534711236886,0.0016294424363683811,0.002371011143393722
398.0,23880000000.0,9951.89,9936.64,9948.56,5.9572607999999985,0.010000000000218279,9948.555,4.62812891,0.15346937,0.0009828711938185102,0.0022027625308386864,0.0008930847492774256,0.0021411154101679
399.0,23940000000.0,9977.41,9948.56,9976.35,3.1961707500000003,2.4399999999986903,9974.99,3.86737433,11.305758590000002,0.0009510577776090322,0.0019041928229807173,0.0008580447977176553,0.0018410645016469958
400.0,24000000000.0,9972.64,9953.29,9953.3,17.95091699,0.00999999999839929,9953.295,11.886979049999999,1.8750073900000004,0.0013271001103337039,0.0016817746443176696,0.0012940787366270956,0.001601256654345908
401.0,24060000000.0,9959.97,9953.29,9959.65,5.401779479999999,1.1999999999989086,9954.05,4.47011348,2.6999999999999997,0.0013145464631838806,0.0016003129406907848,0.0013607793427732114,0.0015749000710398695
402.0,24120000000.0,9954.64,9946.21,9946.21,9.439551210000001,1.3999999999996362,9945.39,0.35574333,19.2745953,0.0013094654884148048,0.0016348289905672435,0.0013878728338943115,0.0016663158809422291
403.0,24180000000.0,9944.7,9932.16,9936.14,1.5697034800000003,3.0500000000010914,9934.555,13.263431,14.83455363,0.0011941253922661177,0.0014384607557629844,0.0013244841602933091,0.001503230955896391
404.0,24240000000.0,9940.51,9934.92,9937.09,4.08613012,0.00999999999839929,9937.085000000001,6.57209366,0.1123277,0.0012283795868969012,0.0014384820374997653,0.0013496841839643928,0.0014659686656420016
405.0,24300000000.0,9939.41,9924.3,9924.31,6.7130583500000025,0.010000000000218279,9924.305,0.000251,4.898011219999999,0.0012355735995377383,0.0013533803220328595,0.0013518238544166195,0.0014581538490866265
406.0,24360000000.0,9924.3,9912.53,9917.82,11.206395759999998,0.6499999999996362,9917.474999999999,1.04139712,7.53359573,0.0012315428048803592,0.001398405462757428,0.0013470325169693993,0.0015011568686444867
407.0,24420000000.0,9917.78,9907.18,9911.66,7.9861995599999975,0.010000000000218279,9911.654999999999,0.41815731000000006,7.24307759,0.0012351985738246667,0.0013955344095541561,0.0013486032307333442,0.001496004171690993
408.0,24480000000.0,9911.59,9876.35,9884.55,26.549808379999998,0.010000000000218279,9877.915,0.17316352,1.32334028,0.001222794857663624,0.0014679354244728974,0.0013246707420959396,0.0015625959222569125
409.0,24540000000.0,9877.92,9847.12,9847.12,7.776383589999996,0.23999999999978172,9847.240000000002,4.12e-06,3.5120798,0.0015102036531256637,0.0018129093168210624,0.0014900460770876413,0.0017804164850392218
410.0,24600000000.0,9864.28,9845.46,9858.8,37.928029170000016,4.190000000000509,9856.724999999999,17.721275390000002,8.46509961,0.0011778307874141416,0.0021464445671454083,0.0012622022529246199,0.0021699923430982056
411.0,24660000000.0,9885.95,9858.74,9874.71,11.191051129999996,2.149999999999636,9875.835,2.94532801,1.8173669799999999,0.0013101870427966184,0.002099390176615835,0.0014101058900845862,0.0021133556003266715
412.0,24720000000.0,9884.63,9874.22,9880.2,4.476599820000001,0.32999999999992724,9880.205000000002,0.8046912299999999,0.06077814,0.0015556211018840729,0.001980502767038323,0.0015441828389793524,0.00178156762485182
413.0,24780000000.0,9889.78,9880.16,9889.78,1.69494886,1.2300000000013824,9892.494999999999,16.039907739999997,5.045999999999999,0.0015979039807796152,0.0027588162200098765,0.0015883343901811646,0.002636021510500548
414.0,24840000000.0,9899.0,9884.14,9884.14,11.77403078,3.0100000000002183,9885.715,4.95480128,11.6843795,0.0016855473144818272,0.0033062933540786974,0.001654813176704337,0.003131425607733084
415.0,24900000000.0,9895.27,9885.0,9885.0,2.26812525,1.6200000000008004,9885.810000000001,3.00965643,4.7591655500000005,0.001671298647673704,0.0034170293243531717,0.0016442304919943227,0.0032492221691706037
416.0,24960000000.0,9890.43,9885.02,9888.25,4.312861840000001,0.010000000000218279,9888.244999999999,9.92e-06,11.627861289999998,0.001656795233427361,0.0034702721658214247,0.0016328827732779536,0.0033040769377983737
417.0,25020000000.0,9888.25,9860.01,9863.89,8.596612799999999,3.849999999998545,9861.965,18.607989809999996,9.67148606,0.0016635229447694545,0.003477154086409675,0.0016439043511195528,0.0033198201067327297
418.0,25080000000.0,9869.95,9860.11,9864.74,3.2029643,0.010000000000218279,9864.735,7.617991189999999,4.9850405,0.00180960351806061,0.0034713229968475856,0.0017684128799575862,0.003302774264881717
419.0,25140000000.0,9891.26,9864.74,9891.26,11.470055580000004,3.0600000000013097,9892.800000000001,36.73683913,7.31813386,0.0015352839103380104,0.0032946614435703228,0.0016037384487128132,0.003184945295289545
420.0,25200000000.0,9956.3,9894.330000000002,9956.14,20.060598910000007,0.010000000000218279,9956.134999999998,0.08090931000000001,4.11433207,0.001416171310981519,0.002586059439472687,0.001303695679431216,0.0024435716111872283
421.0,25260000000.0,9987.17,9943.99,9979.080000000002,9.737635230000002,1.1500000000014552,9979.465,5.4004467599999995,4.08501846,0.002283055964376289,0.003312638213627745,0.002256333506145111,0.003225288055092825
422.0,25320000000.0,9979.99,9956.830000000002,9969.88,34.81835652000003,11.160000000001673,9964.29,73.00718791999999,107.99001332000002,0.002302712238567023,0.004463747341335025,0.0022848786376941464,0.004364042333435407
423.0,25380000000.0,9968.67,9950.02,9956.49,10.079613949999997,0.4400000000005093,9956.71,0.2889622,3.3055623900000004,0.0024262505190201012,0.004681837788538249,0.002358944150961237,0.004662053720328058
424.0,25440000000.0,9956.5,9947.93,9947.93,10.893373500000003,0.010000000000218279,9947.935000000001,6.8e-06,27.160420819999995,0.002467940100334571,0.004749087726326631,0.0024529374386864948,0.004741913920963312
425.0,25500000000.0,9947.94,9928.78,9928.78,9.12825002,1.639999999999418,9928.35,0.27287479,0.91743429,0.0024792190585185463,0.0050401194512432876,0.002469121758382189,0.005035543019968428
426.0,25560000000.0,9932.57,9923.59,9925.98,0.92209195,0.010000000000218279,9925.974999999999,0.0316,0.46612662,0.002597021459919744,0.005318007965447169,0.0025857436820176925,0.005373950167421971
427.0,25620000000.0,9925.97,9910.16,9911.89,16.38966579,0.6900000000023283,9909.735,0.006,4.4382969800000005,0.0026045825483187223,0.005482588073618973,0.0025949731621044726,0.005546466790705576
428.0,25680000000.0,9921.59,9906.75,9921.580000000002,8.467463870000003,0.00999999999839929,9921.585000000001,6.84411778,2.2970125500000003,0.0025012484716500118,0.005599412077731716,0.0024974688842860984,0.005665510535093649
429.0,25740000000.0,9921.59,9912.17,9912.18,5.1426402100000015,8.179999999998472,9917.21,47.573939309999986,55.90262188999999,0.00250877725461689,0.005526693403762346,0.002497420694164651,0.005600179033702019
430.0,25800000000.0,9921.28,9912.24,9920.64,7.67836427,5.4099999999980355,9918.035,55.428434679999995,20.69632253,0.0024033018928189143,0.0055654322908097595,0.0024273682321531804,0.0056578533588006975
431.0,25860000000.0,9942.19,9916.53,9934.17,17.953407969999997,3.529999999998836,9932.375,11.592413200000001,10.410024439999999,0.001262403039803766,0.004844390606082224,0.0012575373265410002,0.004980675035755096
432.0,25920000000.0,9930.8,9921.61,9923.31,2.11941767,4.43000000000211,9920.865000000002,22.874588890000005,33.23918801,0.0010848500909909904,0.0031458133225836884,0.0010773376965950287,0.0033732228665522973
433.0,25980000000.0,9935.42,9918.7,9929.99,1.2523198699999996,0.010000000000218279,9929.994999999999,5.71569914,10.60785322,0.0010549052099344256,0.001840557341279976,0.00108602432962963,0.001978412582075213
434.0,26040000000.0,9942.26,9930.0,9940.8,12.929551739999997,0.00999999999839929,9940.795,13.391667129999998,0.9666731300000002,0.0011216102339296347,0.001953436103633208,0.0010919028423974936,0.0020556547772102238
435.0,26100000000.0,9953.63,9940.79,9951.89,2.6583736599999996,1.1900000000023283,9952.485,0.20227294,2.5830946299999997,0.0011685027830308985,0.0019160664634908116,0.001141267481444661,0.002012144914509324
436.0,26160000000.0,9953.54,9938.91,9938.91,3.94613828,4.239999999999782,9941.32,21.919804059999993,36.27192435,0.001030497043453828,0.0019944423825530577,0.0010035572914770183,0.0019530802492283973
437.0,26220000000.0,9944.01,9939.19,9943.94,9.690658719999998,0.010000000000218279,9943.935000000001,10.235143070000001,5.75237917,0.0011032770586471123,0.0017484816378064755,0.0010983982143987652,0.0016974832970086753
438.0,26280000000.0,9957.78,9943.94,9955.49,8.873599700000002,0.010000000000218279,9955.485,8.1e-06,51.648149489999994,0.0009281570047487382,0.0010714754748895128,0.0009711549032794102,0.0010924275712274089
439.0,26340000000.0,9955.49,9934.62,9936.35,7.1796821999999985,0.010000000000218279,9936.345000000001,3.13583501,0.08379572,0.0009250664418982367,0.0009772833363757669,0.000985012169259376,0.000996438414919123
440.0,26400000000.0,9936.35,9923.69,9936.02,41.243693629999996,2.4899999999997817,9934.275000000001,14.121681299999999,10.026625710000001,0.0011336635568831273,0.0009145161328615579,0.0011433498049722873,0.0007831327362751198
441.0,26460000000.0,9952.02,9933.0,9947.98,4.41181436,0.010000000000218279,9947.415,0.313,7.467326629999999,0.001139854516141589,0.001070478543101465,0.0011269263058045164,0.0009357624594652503
442.0,26520000000.0,9956.21,9943.15,9949.99,2.35314211,1.9599999999991269,9948.99,0.295,18.11549186,0.001126528378535383,0.0011499647588707452,0.001110664855311281,0.0010149838253586717
443.0,26580000000.0,9949.55,9926.36,9926.51,16.46949224,0.9400000000005093,9926.98,8.14496795,10.99639553,0.0010391839439048546,0.0011707595886429603,0.0010320974887122573,0.0010320070698153644
444.0,26640000000.0,9931.23,9922.88,9922.88,12.485009280000002,1.1000000000003638,9921.009999999998,5.266001660000001,10.574274160000002,0.001250690441712457,0.0012140551233615973,0.0012837460559839515,0.001116081731080729
445.0,26700000000.0,9946.75,9918.29,9941.23,19.332920080000005,1.9200000000000728,9940.27,16.21166209,4.5217136799999995,0.001201491737023999,0.0015058553762534782,0.0012295371972859846,0.0014049803893524877
446.0,26760000000.0,9941.23,9933.78,9937.34,10.526245019999998,0.010000000000218279,9937.345000000001,7.94e-06,12.936267140000002,0.001306406009440529,0.0010990216803575235,0.0013229739431969336,0.0010588658288683353
447.0,26820000000.0,9939.71,9927.67,9939.54,6.48468638,2.7399999999997817,9937.869999999999,8.85304384,16.440067840000005,0.001266033329643196,0.0010862441391522515,0.0012674901872649072,0.0010823947687395275
448.0,26880000000.0,9939.19,9924.56,9925.12,7.7045757199999985,0.010000000000218279,9931.265,16.50228795,0.0716,0.0012625809936648116,0.0012408087451185078,0.0012586323462166705,0.0012277814295920731
449.0,26940000000.0,9939.77,9931.27,9936.47,4.61087171,0.010000000000218279,9936.474999999999,3.09171298,0.4,0.0012033428922330893,0.0012426420953811186,0.0012525053881319223,0.0012851785703013483
450.0,27000000000.0,9936.81,9936.43,9936.43,4.75621485,0.010000000000218279,9936.435000000001,3.59e-06,17.67838658,0.0010793020489476537,0.001243609078871512,0.0011927928187463596,0.0012876055715891378
451.0,27060000000.0,9936.43,9930.04,9930.04,3.2637112200000007,0.010000000000218279,9930.035,0.316,3.11767693,0.001077060773939305,0.001223710707071973,0.0011927389940966605,0.0012788941801338465
452.0,27120000000.0,9930.04,9904.87,9905.4,27.874733310000003,2.279999999998836,9904.26,1.33950018,21.834462109999997,0.0009983443337421626,0.001207791712301791,0.0011343603729890006,0.0012893591379234761
453.0,27180000000.0,9903.12,9891.66,9891.66,10.10403014,0.00999999999839929,9898.375,3.48286491,3.58336426,0.0012231308133252457,0.0014169282250495853,0.0013152494501482313,0.0014465117351743326
454.0,27240000000.0,9900.3,9890.57,9890.580000000002,3.4842157,0.010000000002037268,9890.575,1.19302524,12.648921529999999,0.001077637372320252,0.0017181276628401067,0.0012013126571670245,0.0018606168383706397
455.0,27300000000.0,9890.57,9862.18,9884.49,40.433194189999995,0.010000000000218279,9884.494999999999,0.00057944,8.150961589999998,0.0010844977653705543,0.0018890111091395157,0.001203459901026414,0.002024663654013426
456.0,27360000000.0,9885.52,9845.64,9861.25,43.614455680000006,2.2399999999997817,9862.369999999999,0.5447623500000001,22.92608489,0.0007841998352563074,0.0019088131130335748,0.0009607991546026777,0.0020434157155969383
457.0,27420000000.0,9866.64,9856.19,9866.0,6.7882856999999985,0.010000000000218279,9865.994999999999,2.30301873,1.48909244,0.0009224631334423517,0.0018857640732202149,0.0010945740446396904,0.0019465629187152636
458.0,27480000000.0,9868.22,9860.47,9862.25,2.72955921,4.030000000000655,9860.244999999999,42.193171879999994,24.17042962,0.0009543608844044706,0.0015331382290801104,0.0011205730238343186,0.0016018077044687208
459.0,27540000000.0,9862.26,9843.09,9844.93,11.59805235,4.239999999999782,9845.09,25.686498670000002,23.658096499999996,0.0009551950506688175,0.0014880272430707613,0.0010986456983905308,0.0015948598382736503
460.0,27600000000.0,9847.34,9827.12,9847.25,15.60679034,0.5799999999999272,9846.96,0.32686549,8.71121666,0.0008848653383740517,0.0013271057540670918,0.000965669090287895,0.001456122638271378
461.0,27660000000.0,9877.01,9846.67,9877.01,14.767834279999997,4.979999999999563,9874.52,67.57284277,19.32796603,0.0009066576591957917,0.0011205537933834252,0.0009908667531093051,0.001310048327465523
462.0,27720000000.0,9877.94,9862.4,9869.01,8.11597167,2.460000000000946,9867.779999999999,11.95971529,7.93254514,0.0014379320336344466,0.00149602610178318,0.0015426263413367463,0.0015484817157172311
463.0,27780000000.0,9876.0,9866.61,9876.0,1.2538375099999999,0.010000000000218279,9875.994999999999,19.29976638,0.29713844,0.0012719848685354073,0.002014067933003657,0.0014071957193591317,0.0020824301520868858
464.0,27840000000.0,9876.3,9875.99,9876.3,4.98822629,0.22999999999956344,9876.625,48.62014129,5.0,0.0013178139447982465,0.0023411452879541603,0.0013956531862477034,0.002298365024763355
465.0,27900000000.0,9895.24,9877.93,9895.24,6.366483239999999,3.6999999999989086,9893.39,29.981066910000003,22.30039653,0.001306177087029941,0.002167084099618098,0.0013967634340327647,0.002092337044501182
466.0,27960000000.0,9895.23,9881.32,9884.18,18.93785739,1.5599999999994907,9883.39,16.94646763,11.53839161,0.0014028006925792614,0.002331233605216457,0.0015130519229416622,0.0022469727309597123
467.0,28020000000.0,9884.18,9880.0,9880.01,2.8608060999999996,0.010000000000218279,9880.005000000001,7.091e-05,9.435282329999998,0.001237577397427786,0.0020533561023693605,0.0013487575051855845,0.0020419757548665683
468.0,28080000000.0,9880.01,9870.04,9870.04,3.195092809999999,0.010000000000218279,9870.035,0.02,8.20842509,0.0012470457831162145,0.0018541240105303931,0.0013593088049399034,0.0018359456385671619
469.0,28140000000.0,9871.27,9861.45,9871.27,10.09688042,5.680000000000291,9869.07,82.85962691,55.51846622,0.0012780198900781922,0.0018397830444212542,0.0013961073737523413,0.001881724403257074
470.0,28200000000.0,9877.0,9869.65,9877.0,23.240073780000003,1.430000000000291,9876.285,26.29926198,0.00077706,0.001161268911399926,0.001805319255878303,0.0012557091102862194,0.0018451648997560468
471.0,28260000000.0,9884.6,9875.580000000002,9882.26,5.0178311,1.890000000001237,9883.415,4.5580985,16.707298209999998,0.0011700645688023732,0.001651064421304451,0.0012590768945301774,0.0016943798870414956
472.0,28320000000.0,9892.35,9884.35,9890.4,8.95357268,0.9500000000007276,9895.435,2.21186582,1.133,0.0008476494710845965,0.0016467918122193505,0.0008882153836810634,0.00168319212099752
473.0,28380000000.0,9924.93,9894.96,9920.7,3.0124135200000004,0.010000000000218279,9920.695,0.519,8.957751879999998,0.0008657058091625712,0.0016872208986780447,0.0008642861124673032,0.0016343860707371922
474.0,28440000000.0,9935.82,9924.34,9935.82,4.9563257100000015,0.4099999999998545,9935.605,0.4210960900000001,5.5714722100000005,0.00109806526211259,0.0019411810003332813,0.001215618026062296,0.0018924388214696913
475.0,28500000000.0,9938.84,9927.45,9933.8,12.052145930000002,0.010000000000218279,9933.805,0.16053432,10.570707670000001,0.001131513903197019,0.0023367657160392927,0.0012459722675698171,0.0023285716786444668
476.0,28560000000.0,9933.81,9927.86,9927.86,5.942126119999999,1.5,9927.02,1.10141644,8.34504342,0.0010882057218112337,0.002435736689877118,0.001182841709336513,0.0024841710726693747
477.0,28620000000.0,9930.57,9914.48,9930.57,3.89211344,5.789999999999054,9927.515,20.11076412,48.288888019999995,0.0010492067983341835,0.0024392045447110193,0.0011254918294212304,0.0024870223294920194
478.0,28680000000.0,9929.02,9925.21,9925.21,5.0690076799999995,0.8099999999994907,9925.724999999999,15.24286008,1.6792588099999999,0.0010262544905065662,0.002515102658331839,0.0010909518936291676,0.0025397526559980906
479.0,28740000000.0,9926.14,9920.95,9924.99,7.08687736,0.7999999999992724,9924.59,5.207301190000001,7.377172669999999,0.0009317326199643132,0.0023234710523796004,0.00103309830703182,0.002322933377951203
480.0,28800000000.0,9924.99,9924.96,9924.98,2.831093819999999,0.010000000000218279,9924.985,0.38561894,8.90199571,0.0009329212948168369,0.0021959205344131982,0.0010401715475240804,0.002217150521484023
